lgacode21,1_149_hhds_with_indig_persons,1_149_other_hhds,1_149_total_hhds,150_299_hhds_with_indig_persons,150_299_other_hhds,150_299_total_hhds,300_399_hhds_with_indig_persons,300_399_other_hhds,300_399_total_hhds,400_499_hhds_with_indig_persons,400_499_other_hhds,400_499_total_hhds,500_649_hhds_with_indig_persons,500_649_other_hhds,500_649_total_hhds,650_799_hhds_with_indig_persons,650_799_other_hhds,650_799_total_hhds,800_999_hhds_with_indig_persons,800_999_other_hhds,800_999_total_hhds,1000_1249_hhds_with_indig_persons,1000_1249_other_hhds,1000_1249_total_hhds,1250_1499_hhds_with_indig_persons,1250_1499_other_hhds,1250_1499_total_hhds,1500_1999_hhds_with_indig_persons,1500_1999_other_hhds,1500_1999_total_hhds,2000_2499_hhds_with_indig_persons,2000_2499_other_hhds,2000_2499_total_hhds,2500_2999_hhds_with_indig_persons,2500_2999_other_hhds,2500_2999_total_hhds,3000_more_hhds_with_indig_persons,3000_more_other_hhds,3000_more_total_hhds
10050,5,112,122,29,309,337,36,534,571,56,1478,1538,77,1241,1317,76,1482,1560,68,1514,1580,78,1687,1762,105,1644,1753,134,2440,2581,103,2373,2479,55,1455,1511,114,3190,3303
10180,10,70,85,33,148,182,40,244,278,56,674,730,44,544,583,91,729,817,77,718,797,69,754,822,76,765,842,111,1156,1267,101,1034,1132,44,620,661,60,1530,1594
10250,12,132,144,11,197,207,24,379,400,43,1224,1269,38,1006,1041,50,1306,1350,52,1317,1369,73,1366,1437,66,1369,1436,89,1904,1985,98,1802,1904,63,1142,1206,125,2866,2999
10300,0,0,3,3,6,12,3,21,21,0,56,57,5,26,38,7,37,47,8,38,47,4,67,67,3,45,46,5,91,98,4,72,81,7,35,40,0,78,82
10470,10,88,98,15,160,181,26,352,380,58,898,951,61,675,736,86,890,975,94,974,1067,115,1149,1257,120,1084,1199,151,1691,1840,159,1662,1824,104,1136,1239,192,2632,2814
10500,6,442,450,21,711,733,32,1345,1379,47,2980,3023,43,1953,1993,36,3063,3099,48,3153,3203,55,3862,3910,66,4206,4270,116,7302,7422,115,7990,8106,89,4888,4976,298,16677,16973
10550,8,140,149,16,228,243,20,395,418,36,1222,1256,28,876,899,47,1256,1298,56,1133,1186,54,1250,1306,70,1162,1233,78,1515,1591,65,1304,1372,37,754,790,69,1458,1531
10600,5,44,45,0,81,84,14,173,186,7,438,446,16,287,306,28,407,434,17,408,428,25,427,450,22,399,424,32,541,579,33,423,456,25,265,291,32,517,544
10650,0,18,18,0,47,49,0,88,89,8,312,326,4,215,218,17,334,346,20,258,274,8,276,291,3,269,273,17,311,325,16,270,290,8,169,178,15,319,329
10750,37,514,549,95,1060,1151,148,2096,2244,336,4609,4942,296,3078,3373,355,5117,5469,373,5274,5649,374,6663,7037,396,7553,7950,556,12708,13256,571,14954,15526,375,10843,11214,762,32846,33615
10800,3,20,23,0,28,32,3,57,60,6,165,173,8,88,98,16,147,163,17,132,145,18,143,162,12,139,147,21,196,213,13,217,233,16,117,127,14,259,271
10850,0,21,21,0,41,36,8,55,64,3,163,166,9,113,121,8,181,188,14,168,181,10,171,180,19,206,219,24,274,293,26,279,306,9,211,218,38,428,472
10900,4,195,204,10,359,368,19,572,590,38,1811,1849,32,1353,1382,54,1679,1733,42,1771,1812,72,2156,2222,87,2144,2228,121,3135,3258,128,3251,3379,101,2132,2229,279,7012,7289
10950,0,8,10,3,5,7,8,23,29,11,62,72,16,36,50,16,40,53,10,56,61,15,42,58,13,50,57,20,70,98,19,66,87,16,45,58,20,122,149
11150,3,5,10,9,3,11,0,3,11,10,36,43,9,13,24,24,29,50,23,21,43,15,32,47,15,39,56,30,53,76,28,59,86,11,26,36,31,98,126
11200,3,4,8,21,0,24,24,4,32,23,13,42,16,4,19,32,5,39,23,18,38,22,17,38,19,8,22,16,16,31,18,20,44,10,11,16,16,30,49
11250,3,45,52,16,116,137,25,220,249,45,752,800,57,386,440,59,517,579,58,503,562,66,497,560,70,462,524,89,607,698,64,591,657,46,352,401,102,785,891
11300,0,124,124,0,184,189,0,362,362,10,600,606,3,485,492,0,676,676,5,702,709,8,857,861,0,964,972,12,1453,1465,21,1653,1670,11,947,963,20,3624,3639
11350,3,85,93,8,142,148,9,273,284,17,742,754,21,682,701,23,695,718,25,776,802,25,908,931,20,939,959,48,1403,1450,39,1337,1378,27,830,861,73,2418,2494
11400,0,28,29,0,58,61,10,98,107,13,318,331,9,205,211,16,355,373,23,267,289,17,331,345,26,320,348,37,466,499,42,453,498,20,288,307,51,919,963
11450,3,127,131,8,187,195,19,366,380,35,975,1008,37,794,831,65,1311,1371,50,1397,1451,88,1869,1956,95,1993,2092,222,3885,4105,248,4836,5080,228,3937,4166,543,11428,11966
11500,25,244,274,56,640,699,98,1219,1317,170,2797,2967,196,2003,2194,231,3055,3289,232,3356,3579,257,3886,4144,250,4230,4475,382,6792,7178,350,6858,7214,244,4550,4792,491,10202,10695
11520,4,237,244,4,325,328,10,559,567,10,1195,1206,14,853,867,10,1284,1295,9,1355,1370,13,1711,1724,16,1879,1895,33,3194,3222,32,3872,3903,22,2320,2344,95,12978,13065
11570,4,771,780,50,1811,1866,60,3565,3623,84,6975,7059,59,4482,4539,92,7539,7628,92,7043,7138,81,8400,8475,100,8688,8789,148,12808,12963,151,12014,12165,126,8125,8250,285,22611,22893
11600,0,8,4,0,10,17,7,20,24,3,49,57,8,34,43,3,42,43,11,58,65,19,67,91,7,65,74,16,123,129,13,97,108,6,61,64,17,128,138
11650,40,820,860,104,1448,1551,198,2991,3188,360,8834,9192,332,6746,7077,512,8728,9237,546,8269,8816,621,8953,9580,653,9018,9668,1054,13109,14168,956,12833,13786,704,8607,9312,1440,23141,24579
11700,4,8,6,8,7,16,16,15,24,24,40,63,17,18,33,22,26,43,23,30,53,29,27,54,8,24,32,17,27,50,18,41,56,0,8,16,18,34,58
11720,9,127,134,34,208,244,50,474,530,99,1403,1501,108,987,1096,185,1443,1626,196,1394,1588,186,1524,1714,220,1486,1712,320,2241,2570,350,2233,2575,251,1442,1693,416,3163,3593
11730,7,149,160,30,303,335,65,593,659,97,1795,1891,91,1229,1317,144,1929,2071,137,1733,1871,165,1761,1921,146,1533,1677,242,2002,2245,189,1658,1849,108,921,1030,164,1721,1885
11750,5,12,12,0,11,14,8,35,41,11,101,107,12,34,44,24,53,71,13,62,78,15,70,83,7,73,79,25,119,141,28,126,156,18,67,89,71,227,299
11800,17,183,203,32,386,414,60,709,768,100,2036,2138,113,1734,1843,143,2166,2312,149,2013,2164,174,2248,2426,188,2332,2516,251,3119,3369,223,2817,3040,169,1736,1907,273,3853,4131
12000,0,16,20,0,20,21,4,39,45,5,139,140,4,75,84,11,125,135,12,114,122,11,111,123,12,114,126,14,143,162,13,159,173,8,107,114,12,189,207
12150,11,9,19,15,9,21,29,21,54,37,87,123,25,41,69,36,49,90,46,51,94,42,52,95,39,70,109,48,85,138,38,91,131,17,47,66,50,94,139
12160,0,36,36,5,91,95,16,138,159,23,408,435,20,247,267,43,399,439,23,326,353,39,344,378,32,276,312,43,410,460,28,359,382,22,209,229,36,482,509
12350,3,34,42,10,87,94,20,156,180,30,477,507,24,261,286,60,443,500,33,379,412,42,395,438,41,363,406,59,444,505,52,409,458,28,227,254,38,418,458
12380,10,448,454,29,1052,1081,27,1904,1935,39,3729,3775,55,2498,2552,56,4156,4218,71,4034,4107,59,4978,5037,62,5166,5229,80,7931,8008,73,8175,8250,58,5213,5268,124,14660,14782
12390,24,81,103,60,165,228,76,335,411,186,1040,1222,161,623,784,241,958,1199,245,999,1242,277,1143,1427,279,1175,1454,439,1783,2225,429,1875,2302,262,1158,1420,490,2782,3281
12700,0,11,13,4,38,43,3,75,79,15,225,239,7,160,167,17,234,256,18,213,229,21,250,267,24,268,292,43,353,388,36,319,358,9,235,245,60,575,633
12730,3,24,27,4,43,47,3,109,114,9,266,277,16,170,185,17,257,273,14,255,260,32,261,289,17,244,266,28,319,348,17,319,329,13,177,186,19,347,377
12750,8,144,154,16,224,237,18,464,481,76,1379,1456,50,958,1010,89,1558,1649,97,1335,1432,84,1416,1505,129,1406,1533,142,1644,1783,123,1351,1480,55,746,805,95,1523,1615
12850,7,412,422,6,947,954,31,1919,1949,55,3741,3791,50,2429,2480,53,4776,4824,61,4412,4475,68,4766,4841,57,4675,4729,69,6732,6796,57,5719,5777,48,4025,4070,120,9684,9807
12870,0,39,45,0,90,90,9,145,150,9,466,481,14,342,348,14,443,455,7,375,383,14,411,431,8,384,392,36,553,582,15,491,507,13,278,288,18,490,501
12900,7,26,35,10,30,41,20,84,102,32,274,308,28,140,169,58,265,317,40,223,262,47,246,297,37,229,265,60,282,342,62,262,319,34,173,205,66,424,490
12930,6,385,393,7,571,583,15,1026,1039,25,2407,2428,18,1695,1716,23,2483,2507,29,2536,2567,34,3241,3281,47,3458,3506,57,5554,5603,65,6024,6089,44,3926,3970,161,14406,14567
12950,8,19,22,3,18,26,19,43,68,26,113,137,25,71,89,27,91,118,20,107,125,28,119,140,33,106,138,29,124,153,15,126,141,16,61,72,19,124,141
13010,5,43,50,9,76,86,15,142,154,36,418,451,25,210,230,43,347,390,33,274,307,27,237,265,27,234,262,40,320,354,24,251,274,13,131,141,17,240,262
13310,8,88,90,7,171,179,19,292,307,48,872,920,34,591,628,49,769,811,45,746,791,42,848,887,57,851,906,92,1251,1337,85,1255,1340,63,808,869,117,1824,1941
13340,0,33,31,5,47,50,3,71,76,13,285,302,9,162,170,18,294,306,16,247,260,8,295,306,19,288,310,18,400,413,20,390,417,5,262,273,27,561,588
13450,6,53,55,15,88,101,28,174,208,43,495,534,26,255,285,44,457,499,45,513,559,71,616,685,42,637,682,75,1079,1156,80,1116,1190,46,702,750,81,1616,1698
13550,3,23,23,17,53,71,20,77,102,32,306,341,37,177,217,61,247,314,53,246,304,79,247,330,72,267,334,114,391,508,94,411,505,58,258,319,122,770,889
13660,4,19,22,4,30,39,8,56,63,13,185,198,10,92,101,19,168,188,24,153,180,12,149,165,16,129,147,13,180,192,17,126,141,4,72,82,7,142,153
13800,8,138,148,12,224,228,29,368,396,51,1112,1161,65,718,783,72,1097,1171,85,1056,1144,74,1298,1371,107,1444,1545,165,2379,2550,193,2585,2772,135,1876,2011,334,5575,5907
13850,0,14,14,6,18,23,0,36,36,9,96,101,0,51,56,9,69,82,10,74,80,11,66,77,16,77,87,15,109,117,16,96,115,11,50,58,7,105,103
13910,0,51,59,10,111,122,16,227,242,34,702,734,26,353,386,35,613,647,40,560,596,53,587,641,34,518,553,57,684,737,49,641,687,33,369,404,34,763,807
14000,0,314,320,7,478,484,5,696,701,23,1722,1742,10,1511,1519,11,1990,2001,22,2115,2133,22,2634,2652,27,2888,2910,50,4682,4732,50,5383,5437,30,3643,3680,166,19778,19945
14100,0,31,31,0,64,64,0,78,78,4,160,161,0,122,122,0,155,155,0,155,156,4,195,201,5,206,210,0,325,325,8,387,395,0,220,220,4,2192,2203
14170,5,397,403,35,673,710,48,1363,1409,75,2728,2805,49,1954,2005,57,2609,2661,67,2897,2964,86,3764,3850,76,4113,4194,129,7189,7307,115,8321,8436,91,4373,4459,364,27722,28081
14220,3,46,55,22,97,119,24,195,221,62,537,598,46,323,369,82,526,611,85,498,590,67,472,537,96,466,556,104,634,731,75,565,638,28,269,298,57,567,626
14300,0,12,14,0,14,20,4,41,47,6,163,163,16,108,118,8,144,148,20,154,170,13,142,154,7,146,154,22,230,247,20,177,200,7,137,148,10,293,309
14350,10,90,101,26,171,197,61,318,377,91,998,1092,93,622,714,116,1048,1163,128,918,1043,145,865,1010,149,811,961,154,1008,1160,132,831,967,77,460,538,104,826,938
14400,0,43,46,5,83,88,4,122,122,3,457,458,0,329,333,15,490,505,17,500,518,15,626,648,16,629,643,27,835,860,30,921,948,28,608,628,81,2073,2149
14500,0,291,288,0,342,342,0,407,407,4,937,936,0,905,913,7,1266,1266,4,1344,1347,4,1803,1808,5,1920,1929,10,3338,3352,14,3756,3775,6,2312,2324,81,19848,19936
14550,0,36,39,3,84,91,6,167,167,19,425,439,20,227,244,24,329,352,22,320,343,24,334,354,21,252,270,24,346,373,16,273,284,7,131,144,15,260,268
14600,4,24,27,19,30,49,25,41,65,30,164,190,28,76,101,43,152,194,32,132,162,33,122,152,37,106,148,66,218,275,36,167,204,29,92,118,32,196,228
14650,26,479,509,75,868,937,113,1664,1777,255,5192,5448,203,3602,3800,323,4957,5281,347,4844,5191,366,5446,5817,416,5266,5687,657,7673,8336,699,8190,8883,499,5705,6209,1037,15408,16442
14700,0,77,77,3,111,116,3,189,195,0,382,381,9,327,338,0,392,398,5,449,450,4,633,640,4,724,726,8,1497,1510,12,1781,1792,5,913,916,46,6963,7004
14750,6,20,20,8,56,63,16,94,111,24,263,289,24,171,194,23,249,272,26,272,301,18,274,292,23,315,340,56,412,465,36,409,441,32,251,279,39,505,551
14850,10,103,111,17,223,242,36,520,559,61,1340,1404,65,1032,1094,79,1190,1261,93,1228,1321,109,1347,1460,117,1314,1437,143,1817,1962,153,1666,1818,90,1045,1133,152,1936,2086
14870,5,80,83,17,141,157,20,268,293,43,833,881,43,429,472,61,619,678,60,573,635,60,567,632,56,541,593,72,739,807,75,676,755,36,414,447,114,996,1114
14900,21,353,377,37,819,859,75,1553,1631,107,3083,3192,77,2119,2195,113,3771,3892,112,3936,4045,111,4570,4685,133,4816,4948,200,7757,7961,166,7940,8106,125,5687,5817,300,15378,15680
14920,7,13,21,13,40,52,29,75,100,44,229,271,34,116,152,42,207,252,49,198,243,41,198,239,39,176,211,48,230,277,56,209,267,24,96,117,39,296,342
14950,0,11,11,0,13,13,3,27,29,9,114,122,3,50,51,13,75,89,4,85,88,9,87,100,10,99,102,10,127,136,6,113,119,3,57,62,10,132,142
15050,5,166,171,31,279,317,49,544,594,101,1726,1833,124,1178,1300,148,1831,1979,185,1864,2042,214,2023,2240,216,2111,2325,459,3317,3768,421,3645,4062,266,2487,2753,544,6086,6632
15240,21,358,380,62,577,637,108,1211,1317,213,3664,3874,182,2460,2639,288,3915,4202,285,3255,3543,300,3303,3602,305,3045,3347,368,3544,3908,331,2804,3134,138,1588,1731,268,3128,3395
15270,3,66,79,14,131,151,16,240,256,39,732,768,36,405,437,46,625,672,51,598,650,63,562,625,66,549,614,96,869,958,94,944,1037,68,595,667,161,1560,1724
15300,3,22,28,22,36,54,33,54,86,59,203,267,50,126,174,70,168,241,65,189,250,96,209,308,88,191,281,94,335,429,100,344,443,61,222,282,84,566,648
15350,0,65,65,0,105,106,0,126,126,0,287,287,0,282,282,0,319,322,3,377,382,0,532,531,3,522,530,8,1025,1029,5,1203,1209,0,501,502,21,5342,5360
15520,5,44,46,0,79,81,8,114,120,19,361,378,13,264,276,15,415,434,13,363,377,18,379,398,17,397,408,28,444,476,25,422,443,11,243,253,33,615,646
15560,3,14,17,4,15,15,3,22,27,12,83,95,0,48,50,6,78,84,12,83,98,9,92,104,13,93,102,15,159,173,17,132,148,9,61,63,13,134,143
15650,4,28,33,11,58,74,16,142,163,24,348,372,54,243,291,34,324,360,62,311,378,79,367,447,55,303,364,102,543,638,100,597,697,62,327,393,139,1042,1186
15700,3,65,67,19,150,165,17,273,293,62,839,900,39,626,659,66,793,861,63,687,754,53,636,691,71,603,669,79,688,774,47,518,562,43,290,334,66,606,661
15750,7,27,31,27,51,68,30,89,120,40,268,308,52,163,219,42,250,291,53,257,309,63,281,345,57,231,289,85,390,475,98,421,515,55,256,302,113,659,779
15800,6,23,21,8,29,33,13,45,60,25,175,197,17,104,126,32,170,201,34,131,164,22,155,173,19,176,194,29,194,226,41,156,198,15,92,104,21,191,207
15850,5,18,22,10,26,35,20,62,81,30,156,186,26,69,98,29,130,162,43,109,153,39,132,165,50,100,152,54,176,235,72,157,229,43,87,131,59,228,284
15900,16,370,391,83,759,846,113,1541,1656,152,3952,4110,175,2623,2801,200,3312,3511,252,3681,3933,261,4158,4417,298,4242,4540,450,6763,7203,514,6944,7460,331,4519,4848,763,14457,15222
15950,0,173,178,3,240,245,3,424,429,8,764,766,9,793,803,7,885,890,9,1050,1055,4,1479,1481,13,1652,1664,27,3221,3247,16,4122,4140,15,1556,1575,81,13957,14037
15990,4,566,571,6,771,784,13,1190,1201,12,3109,3118,11,2574,2587,29,3311,3339,32,3469,3504,34,4488,4524,55,4692,4743,86,8193,8285,102,9223,9322,77,6071,6145,405,39050,39455
16100,0,22,22,0,30,29,6,56,59,6,154,162,11,86,93,11,130,143,6,123,133,12,132,145,8,141,151,13,226,235,13,198,211,7,128,128,20,301,323
16150,3,107,111,28,172,197,58,353,407,81,943,1019,86,653,730,82,862,944,108,916,1027,89,1051,1136,111,1011,1119,173,1630,1806,157,1667,1824,122,1126,1243,208,3058,3266
16200,12,26,38,18,76,90,23,146,173,62,422,481,39,231,273,50,344,397,62,338,398,80,341,423,78,327,409,101,464,567,69,459,532,53,315,372,109,653,761
16260,6,564,571,16,978,996,44,1799,1840,48,3345,3388,51,2513,2564,46,3641,3686,61,4258,4321,60,5723,5780,90,6235,6323,145,10782,10920,111,12113,12223,70,7220,7287,196,25263,25459
16350,21,311,331,69,626,694,105,1282,1386,183,3028,3214,199,2290,2493,258,3434,3686,277,3771,4049,309,4603,4914,379,4966,5346,625,8283,8906,642,8772,9412,492,6044,6537,1070,15821,16885
16380,18,250,263,28,449,475,60,860,923,105,2641,2750,104,2124,2229,155,2968,3119,148,2695,2843,172,2807,2974,211,2805,3010,319,3320,3642,271,2942,3209,149,1924,2070,319,4224,4550
16400,13,193,209,23,295,321,47,615,655,66,1883,1949,94,1568,1662,156,2155,2312,144,1982,2131,192,2238,2430,187,2142,2335,284,2770,3052,254,2676,2930,177,1658,1839,374,3964,4327
16490,0,84,84,18,171,187,23,320,341,43,802,844,30,580,612,41,768,806,44,925,973,53,1212,1260,62,1279,1340,135,2435,2571,114,2610,2717,97,1659,1759,362,7642,8004
16550,3,355,365,29,634,661,60,1151,1211,81,2101,2176,42,1408,1444,49,1824,1877,60,1962,2023,69,2526,2587,73,2576,2648,100,4567,4661,99,5492,5589,73,3177,3252,271,18463,18741
16610,5,74,79,9,108,113,28,236,261,55,761,818,42,560,600,55,781,837,68,705,775,79,736,811,78,620,699,112,850,963,81,717,795,43,424,468,65,703,773
16700,0,372,370,11,573,589,5,955,966,6,1824,1830,11,1482,1489,10,2013,2028,13,2223,2240,19,2896,2915,24,3184,3205,37,5174,5216,41,6036,6083,23,3441,3463,113,14885,14994
16900,4,128,131,23,311,333,33,582,620,82,1648,1736,56,1107,1163,101,1797,1895,107,1734,1837,120,1771,1896,131,1814,1945,221,2809,3038,204,2885,3091,165,2069,2236,311,5095,5410
16950,7,369,383,57,533,590,97,1008,1103,190,3351,3542,162,2442,2612,285,3579,3864,275,3053,3329,271,3375,3644,293,3316,3607,371,4279,4655,348,3689,4030,203,2229,2432,374,4773,5149
17000,4,51,53,10,83,93,12,135,150,39,394,437,28,269,301,52,374,422,46,368,415,50,450,498,53,471,520,94,717,814,107,875,982,78,585,663,220,2056,2270
17040,3,50,52,6,101,109,6,192,197,13,518,528,7,338,348,20,504,520,18,508,529,20,538,561,30,543,570,29,821,849,37,868,903,43,520,559,59,1492,1559
17080,4,42,43,9,70,80,12,136,144,18,466,487,20,276,300,38,430,465,31,404,431,35,403,437,42,400,442,51,545,601,46,526,572,29,335,363,48,664,712
17100,0,87,88,4,163,167,0,302,302,3,521,523,6,456,460,3,628,633,8,708,718,7,934,947,8,1026,1035,14,1745,1760,11,1905,1920,10,1231,1236,30,4613,4639
17150,12,544,551,13,740,751,30,1222,1250,50,3474,3518,45,2416,2457,59,3349,3408,51,3574,3627,85,4509,4599,94,4779,4878,176,7745,7913,194,8881,9076,167,6168,6339,614,28646,29253
17200,21,596,623,68,1290,1356,114,2276,2390,138,3322,3463,77,2537,2621,98,2949,3051,94,3665,3762,105,4875,4981,121,5213,5338,181,10057,10225,170,12821,12990,83,5185,5273,403,33348,33750
17310,16,147,172,56,281,336,111,530,634,196,1456,1647,152,1020,1170,244,1501,1740,252,1431,1682,301,1647,1944,306,1543,1853,419,2237,2659,395,2214,2608,249,1358,1608,428,3027,3448
17350,0,25,25,3,38,44,0,64,66,14,221,231,5,147,154,9,193,198,3,173,181,9,192,198,3,178,180,16,252,272,15,189,198,9,133,135,11,269,280
17400,0,30,34,14,70,82,6,125,137,21,360,376,29,195,222,19,279,300,16,222,240,12,229,237,13,213,226,28,227,253,15,184,192,3,89,90,10,176,182
17420,3,361,367,0,384,384,6,465,469,7,1467,1475,10,1166,1171,15,1801,1819,15,1953,1965,22,2477,2496,31,2843,2868,56,4959,5020,62,6115,6177,57,4726,4785,277,26381,26659
17550,8,284,290,27,479,504,49,909,956,98,2786,2880,117,2340,2457,131,2970,3104,143,2740,2882,163,2898,3062,176,2829,3004,240,3627,3875,249,3376,3625,167,2084,2251,316,4836,5149
17620,4,47,47,8,88,99,11,117,132,34,373,410,16,246,262,27,372,393,33,297,335,25,389,411,42,380,423,53,487,543,57,524,581,34,325,360,81,831,907
17640,4,37,39,3,42,49,0,99,100,0,233,232,0,143,150,10,199,209,9,207,210,10,225,228,6,235,243,22,338,350,17,333,347,13,176,189,31,546,569
17650,3,21,20,3,32,32,10,46,62,16,181,201,17,100,109,22,169,197,21,160,176,19,148,170,18,171,188,37,233,272,26,215,249,12,118,127,25,286,317
17750,19,123,138,42,281,322,64,490,551,104,1336,1441,120,966,1089,129,1316,1448,138,1441,1574,142,1745,1888,167,1760,1922,253,2735,2990,223,2693,2914,166,1727,1901,280,4182,4455
17850,0,10,10,5,28,32,3,30,32,4,110,116,3,53,57,10,88,104,5,71,78,9,78,84,12,81,91,13,108,122,5,114,122,4,57,61,6,120,125
17900,0,11,10,14,24,35,12,65,72,33,161,195,30,64,92,43,90,136,39,105,145,28,95,122,29,97,128,28,103,138,40,88,130,11,59,75,43,126,161
17950,0,11,11,7,9,21,0,16,21,12,70,80,8,36,41,19,48,67,20,56,74,9,64,71,13,53,66,32,88,113,7,63,80,6,42,51,20,111,133
18020,5,30,30,9,51,58,7,109,118,26,381,411,38,147,186,45,269,313,39,225,265,36,246,279,34,226,258,54,293,351,37,256,295,15,130,141,40,253,295
18050,0,128,128,3,243,247,0,356,361,6,765,770,4,626,631,3,744,753,8,867,872,0,1166,1167,17,1205,1222,23,2331,2357,29,2846,2875,12,1441,1448,63,12396,12462
18100,0,25,25,0,22,24,0,57,55,3,147,156,3,82,85,8,133,136,6,134,138,7,124,130,18,107,124,7,130,144,10,102,104,9,64,69,3,123,124
18200,0,15,15,10,35,42,15,54,66,14,156,169,13,107,120,14,173,189,16,181,201,25,141,169,16,167,177,18,240,268,12,247,260,8,138,151,19,373,386
18250,0,213,212,0,295,299,4,392,397,7,823,832,0,678,677,0,826,830,6,950,956,7,1281,1291,4,1366,1371,10,2468,2484,22,2881,2900,6,1528,1539,57,11684,11739
18350,3,176,179,6,231,241,5,386,393,15,1189,1203,25,782,809,36,1226,1257,39,1237,1276,53,1435,1483,46,1434,1484,72,2068,2131,78,2005,2084,42,1375,1420,137,4357,4495
18400,4,92,94,5,107,115,17,221,235,32,696,731,24,460,482,46,784,826,49,775,825,50,966,1021,58,1030,1091,114,1666,1777,130,1882,2014,112,1446,1562,295,4804,5101
18450,20,515,533,77,1042,1117,114,2072,2190,204,5146,5357,168,3469,3640,220,4743,4967,204,4663,4870,231,5171,5402,264,5254,5517,369,7969,8335,391,8165,8549,274,5721,5994,693,17396,18091
18500,0,125,124,0,162,162,0,227,227,0,486,486,3,476,482,0,534,534,0,671,670,4,838,846,10,900,908,7,1793,1799,7,2114,2124,15,847,856,55,10677,10731
18710,0,32,33,3,44,47,3,69,71,8,201,211,13,171,178,14,211,225,12,268,278,9,311,317,12,346,361,31,595,633,21,559,575,28,421,443,77,1997,2080
19399,0,3,3,0,0,0,0,7,10,0,16,14,0,10,10,0,12,13,0,16,16,0,22,28,0,33,31,3,44,44,0,40,39,6,25,24,0,46,53
19499,0,0,0,0,0,0,0,0,0,0,0,0,0,0,0,0,0,0,0,0,0,0,0,0,0,0,0,0,0,0,0,0,0,0,0,0,0,0,0
19799,0,0,0,0,0,0,0,0,0,0,0,0,0,0,0,0,0,0,0,0,0,0,0,0,0,0,0,0,0,0,0,0,0,0,0,0,0,0,0
20110,0,44,44,0,55,60,6,133,139,4,408,408,5,280,292,0,416,420,4,429,431,8,400,403,14,433,437,8,562,572,3,548,556,4,311,321,9,697,703
20260,0,27,31,3,70,73,0,125,124,5,415,425,3,231,235,4,369,376,10,368,375,4,372,372,8,349,361,17,507,527,8,461,470,5,252,263,15,463,475
20570,7,244,251,12,519,537,38,1101,1136,51,3150,3198,52,2462,2511,96,3044,3144,90,3199,3293,103,3594,3696,101,3530,3626,139,5160,5299,115,4566,4682,81,2874,2951,123,6906,7025
20660,5,278,290,11,535,551,24,865,887,23,2281,2305,25,1687,1711,16,2318,2341,24,2384,2406,41,2882,2920,38,2937,2977,58,4971,5028,48,5146,5193,37,3613,3648,107,13876,13974
20740,6,168,171,4,247,251,5,518,526,12,1487,1504,17,1072,1087,20,1489,1509,23,1359,1387,22,1443,1457,23,1315,1341,40,1731,1767,29,1415,1439,11,804,817,25,1826,1853
20830,0,155,155,8,281,285,18,439,458,22,1317,1344,8,1053,1060,22,1533,1553,23,1508,1532,16,1617,1636,25,1590,1616,53,2530,2588,49,2392,2437,36,1490,1524,61,3337,3399
20910,5,303,304,0,428,428,6,632,636,7,1477,1479,0,1168,1173,8,1387,1391,8,1541,1552,3,1891,1899,11,1912,1920,10,3097,3099,13,3307,3319,11,2010,2022,74,15657,15724
21010,0,46,46,0,103,103,7,160,167,9,544,554,7,357,356,15,543,555,12,474,489,15,517,526,12,477,491,22,596,619,6,517,527,11,328,336,15,662,663
21110,3,495,498,0,731,737,0,940,942,9,1910,1914,7,1796,1808,4,2244,2250,3,2442,2442,14,3215,3225,19,3538,3554,30,5930,5950,33,6279,6307,25,3518,3538,108,24328,24431
21180,0,444,443,14,976,985,9,1751,1759,19,3982,3997,29,2319,2351,24,4390,4422,26,4248,4270,43,4616,4658,28,4992,5017,60,7345,7402,54,6851,6902,34,4678,4715,72,10841,10914
21270,0,18,18,0,49,49,0,80,86,7,280,287,3,140,138,0,228,224,3,233,237,4,227,236,4,197,197,3,255,267,7,208,212,0,117,117,0,225,222
21370,3,135,140,7,208,214,37,433,466,32,1243,1276,42,802,840,41,1217,1256,60,1064,1122,45,1208,1249,36,1133,1170,64,1569,1630,54,1468,1525,31,879,913,61,1672,1728
21450,4,191,196,4,302,306,11,571,581,18,1616,1639,16,1297,1316,31,1977,2003,28,2187,2222,51,2780,2838,49,2975,3021,86,5102,5189,80,5350,5429,51,3927,3982,113,7642,7749
21610,4,488,493,9,868,877,23,1502,1525,52,4066,4114,39,3132,3166,63,5353,5418,75,6206,6284,79,7690,7772,89,8986,9076,181,14784,14965,140,15810,15953,115,11130,11240,222,23210,23423
21670,3,54,55,10,124,127,9,236,244,16,732,749,17,389,404,17,651,668,16,512,530,17,472,483,20,429,446,21,532,548,15,352,361,8,201,213,7,329,333
21750,0,81,78,4,142,149,0,264,266,12,704,718,4,474,477,12,650,655,13,725,740,14,747,760,21,688,710,31,974,1002,15,920,937,3,504,513,19,997,1014
21830,0,57,57,4,82,83,9,179,178,9,541,545,4,298,308,6,509,513,20,503,517,3,539,542,11,474,483,14,680,692,7,588,595,7,362,368,9,768,778
21890,5,431,441,22,814,833,30,1564,1597,53,3426,3479,31,2147,2176,46,3061,3108,50,3063,3117,52,3552,3607,63,3932,3991,94,6735,6822,105,6480,6584,71,3983,4055,166,15043,15207
22110,5,180,184,25,301,326,24,584,606,32,1779,1813,54,1212,1265,66,1934,2000,71,1680,1743,57,1655,1712,62,1589,1652,100,1954,2057,87,1596,1683,42,926,967,63,1702,1773
22170,9,286,294,17,577,590,26,1114,1137,37,3200,3237,39,2403,2438,48,3004,3050,67,3358,3428,72,3835,3900,79,3863,3938,126,6183,6305,119,6243,6357,87,4301,4386,151,9654,9803
22250,3,34,38,3,61,69,9,125,133,8,481,490,7,246,249,9,411,415,13,393,405,13,349,361,12,352,363,19,422,437,9,365,374,7,204,216,0,344,339
22310,0,420,419,0,671,671,10,1029,1033,14,2361,2373,7,1928,1931,12,2421,2427,14,2725,2735,24,3411,3430,21,3540,3560,31,5819,5846,30,6216,6246,25,3747,3768,74,19005,19075
22410,0,59,63,3,148,153,7,282,292,23,707,730,15,463,481,25,652,679,21,658,681,29,611,645,22,601,632,33,848,874,25,776,802,23,427,445,44,883,926
22490,0,52,52,0,72,73,0,147,152,5,355,354,8,268,273,12,438,447,7,437,447,5,527,533,8,590,595,18,969,986,27,1023,1046,29,771,797,48,1723,1764
22620,14,282,297,22,539,562,46,1120,1167,76,3131,3204,85,2356,2435,100,3251,3354,99,3371,3466,93,3657,3752,133,3586,3719,168,5277,5441,162,5072,5239,101,3209,3308,160,6880,7047
22670,3,369,369,11,758,772,17,1329,1343,13,3369,3386,30,2102,2128,22,3489,3508,30,3758,3792,21,3978,4003,21,4179,4195,49,6160,6210,35,5768,5798,17,3738,3756,37,7558,7597
22750,10,649,658,29,1186,1217,43,2285,2328,82,6442,6525,94,5052,5147,95,6594,6687,112,6680,6789,147,7541,7689,144,7545,7687,217,11222,11436,217,11378,11595,133,7471,7603,335,19740,20074
22830,7,164,169,19,321,343,54,628,680,84,1593,1675,74,1203,1283,106,1740,1852,107,1751,1854,99,1880,1978,122,1904,2028,139,2770,2910,109,2526,2639,90,1598,1687,124,3322,3438
22910,0,57,55,6,102,108,0,202,208,8,655,663,4,337,340,7,541,548,8,509,515,10,554,564,4,521,530,17,779,793,10,623,630,4,372,374,13,911,920
22980,0,23,23,0,49,49,3,74,83,3,244,251,0,129,132,4,197,203,8,175,177,3,212,213,7,177,182,4,249,253,4,215,218,0,119,119,12,238,247
23110,0,242,240,3,433,440,16,735,752,9,1884,1893,22,1197,1217,18,1761,1777,32,1746,1774,30,1977,2003,25,2199,2216,26,3501,3528,27,3678,3707,33,2417,2446,113,9916,10034
23190,0,60,63,3,122,127,6,232,241,12,605,622,17,430,446,8,542,546,16,591,607,23,681,700,18,672,696,26,906,931,19,894,907,10,556,571,11,1074,1082
23270,0,389,385,14,815,827,14,1372,1391,38,3390,3427,34,2539,2573,43,4328,4372,60,4825,4884,72,5586,5662,75,6114,6181,102,9701,9804,135,9503,9640,89,6420,6508,171,13467,13646
23350,0,44,44,4,86,94,3,143,147,5,410,416,5,294,299,3,441,448,12,390,405,10,537,539,9,535,543,23,740,761,19,743,765,7,475,485,18,1023,1050
23430,4,427,429,4,677,680,12,1211,1217,16,3375,3387,14,2383,2395,24,3156,3178,25,3234,3259,22,3897,3919,23,3845,3868,52,6371,6420,45,6657,6699,31,4645,4678,120,16268,16382
23670,5,372,376,8,557,571,12,991,1003,19,2824,2840,19,1952,1976,27,3105,3131,30,3168,3200,43,3912,3949,57,4007,4062,59,6454,6520,78,6801,6878,53,5023,5072,101,13556,13650
23810,3,211,214,15,511,526,24,1053,1083,53,2662,2716,47,1724,1769,68,2276,2345,67,2383,2448,70,2285,2364,94,2190,2279,110,3083,3184,68,2813,2881,33,1768,1803,101,3993,4084
23940,0,33,33,3,59,65,0,112,112,7,357,363,9,133,140,8,294,302,4,268,273,11,258,268,5,240,248,7,321,330,7,219,229,0,133,134,3,216,228
24130,0,120,125,3,186,187,10,240,246,7,811,816,4,572,582,10,861,875,11,890,902,10,1070,1078,12,1125,1146,27,1903,1928,35,1936,1965,16,1398,1411,79,5179,5259
24210,3,470,474,0,524,525,0,770,773,4,2092,2093,7,1509,1515,6,2448,2452,3,2375,2381,9,2791,2798,8,2854,2863,10,4522,4536,22,4509,4536,14,3041,3050,56,12571,12626
24250,0,46,46,0,57,56,3,95,95,0,285,286,7,187,196,6,279,291,7,271,276,0,332,334,6,290,294,11,444,455,6,377,381,3,211,219,6,484,490
24330,0,213,215,11,427,437,10,858,866,14,1469,1486,10,1049,1061,25,1453,1480,28,1669,1698,19,1994,2011,39,2236,2272,52,3797,3854,47,3887,3938,29,2425,2456,103,9478,9580
24410,3,260,265,4,430,434,8,804,819,17,2112,2127,15,1711,1725,12,2230,2241,19,2460,2480,29,2902,2932,37,3009,3052,50,4648,4702,47,4844,4886,41,3508,3551,98,10591,10683
24600,3,793,804,6,1375,1384,10,1862,1872,13,2214,2227,12,2560,2576,26,2914,2939,17,3750,3772,32,5332,5364,49,5458,5505,67,9015,9071,55,9095,9151,20,3651,3664,109,15210,15321
24650,5,255,261,12,460,474,18,794,812,30,2041,2072,40,1617,1657,68,2773,2841,65,3020,3087,60,3604,3668,86,4222,4306,139,7137,7269,98,7432,7533,87,5061,5146,157,11263,11421
24780,12,130,142,27,276,305,37,583,618,76,1500,1573,73,1042,1116,90,1542,1636,101,1479,1583,131,1647,1776,92,1561,1651,132,2322,2451,98,2140,2240,62,1324,1385,106,2501,2602
24850,8,87,88,10,157,159,4,310,314,9,854,867,15,625,640,26,993,1019,26,1028,1051,29,1251,1284,42,1210,1252,65,2066,2129,76,2166,2239,43,1399,1441,73,2948,3027
24900,3,73,73,4,176,186,10,335,346,18,1068,1090,7,639,646,40,1110,1146,31,968,999,39,899,936,36,921,957,52,1177,1224,35,1103,1136,22,683,705,29,1193,1219
24970,0,690,697,7,960,967,8,1331,1338,10,3336,3344,7,2244,2253,15,3349,3362,18,3447,3464,29,4183,4208,21,4305,4320,28,6845,6875,32,7055,7087,28,4841,4868,72,18128,18202
25060,0,335,334,11,687,702,8,1065,1072,7,2362,2372,11,1492,1501,18,2291,2309,24,2368,2394,23,2947,2968,29,2950,2978,39,4933,4976,41,5081,5119,32,3206,3243,78,14326,14406
25150,3,77,79,0,129,134,9,259,259,5,737,746,11,511,521,18,740,754,15,741,760,18,885,906,25,971,1000,44,1511,1553,42,1638,1679,30,1089,1119,57,2804,2850
25250,7,411,424,10,851,863,24,1500,1522,28,3487,3514,26,2236,2260,32,3262,3294,31,3307,3339,42,4076,4116,51,4347,4395,97,7846,7947,86,8158,8244,60,4879,4937,180,17851,18036
25340,9,492,504,14,758,770,11,1302,1312,30,4184,4213,45,3219,3265,53,4310,4362,69,4095,4158,46,4864,4907,76,4608,4688,97,6392,6497,101,6385,6482,68,4303,4376,156,13285,13436
25430,0,86,86,0,148,149,4,262,262,13,792,805,3,486,492,6,658,669,5,632,643,9,663,669,10,649,663,14,904,919,16,792,807,5,471,476,15,1046,1059
25490,0,50,50,4,66,75,0,149,147,4,406,411,6,254,259,9,428,442,9,430,440,9,481,482,11,501,510,23,780,811,16,688,700,9,482,490,15,973,991
25620,0,68,68,0,93,93,0,181,187,0,474,475,9,283,286,7,452,460,8,424,438,16,514,531,14,410,422,11,633,650,14,609,625,6,343,352,14,732,747
25710,0,128,128,5,160,168,0,212,210,5,610,619,5,467,475,7,742,750,9,808,810,9,1029,1033,11,1162,1166,12,1961,1974,23,2232,2258,15,1731,1746,82,7842,7925
25810,0,48,46,0,89,89,7,134,142,15,499,510,3,312,316,10,401,412,11,423,436,6,403,407,16,379,393,6,481,495,13,446,464,3,237,240,8,462,473
25900,0,284,288,7,627,628,9,1158,1170,17,1885,1900,15,1577,1593,12,1716,1724,26,2155,2185,22,2961,2986,29,3091,3117,54,5807,5861,44,6302,6350,24,2560,2585,101,15062,15162
25990,0,30,30,0,63,64,0,110,110,3,319,320,5,152,165,0,239,239,7,266,265,6,261,263,6,226,229,10,272,282,5,270,270,9,148,153,8,255,259
26080,0,7,7,0,10,10,0,27,27,0,77,80,0,95,94,0,80,80,0,90,90,0,126,129,0,113,113,0,177,174,0,131,135,0,70,70,3,288,287
26170,0,121,121,4,197,200,0,321,324,12,989,999,9,666,672,11,909,919,11,969,981,13,986,995,14,912,928,24,1250,1275,16,1159,1173,16,649,663,20,1510,1531
26260,0,75,75,8,100,104,5,191,193,18,536,549,9,398,409,20,547,564,25,524,547,21,550,570,17,554,569,26,757,792,13,620,639,12,407,415,6,751,762
26350,0,332,334,4,536,540,3,902,905,7,1609,1611,14,1389,1400,5,1557,1564,4,1897,1904,19,2641,2667,18,2861,2883,21,5191,5210,44,5559,5603,22,2498,2522,82,16521,16598
26430,3,44,44,0,77,77,7,140,147,7,424,429,3,269,275,8,409,416,8,378,379,10,395,401,3,368,375,12,486,493,9,408,415,4,218,226,15,546,559
26490,0,96,96,0,135,134,4,178,183,0,535,537,3,441,448,6,640,646,8,675,682,3,813,822,9,842,849,25,1319,1337,19,1426,1442,15,1046,1054,35,3878,3911
26610,0,46,46,15,93,105,24,201,228,27,532,561,27,351,375,30,522,555,41,567,611,44,567,606,27,592,621,54,854,905,35,826,861,32,503,535,38,909,947
26670,0,17,17,0,35,35,0,64,67,3,198,211,3,117,120,7,210,219,0,178,178,3,208,208,7,198,203,8,271,276,9,224,233,4,121,122,3,290,301
26700,0,79,79,9,159,163,8,327,338,14,923,935,15,651,668,21,887,905,22,927,944,34,948,978,22,882,907,41,1266,1307,36,1227,1263,18,736,755,34,1505,1535
26730,4,81,83,10,188,193,13,327,338,22,942,968,22,774,788,19,956,983,37,1029,1068,23,1077,1103,36,1135,1172,50,1491,1539,35,1515,1548,34,969,1006,37,2056,2098
26810,5,137,143,4,269,271,12,525,541,28,1463,1497,27,925,946,35,1382,1417,41,1332,1381,28,1363,1386,29,1351,1377,68,1838,1901,28,1673,1707,32,938,968,59,2181,2244
26890,0,20,20,0,30,30,5,45,46,4,178,180,0,73,77,3,121,125,0,136,137,3,127,131,0,125,127,6,164,171,0,129,126,0,98,98,0,206,206
26980,5,601,606,7,958,967,9,1310,1313,17,3170,3187,16,2575,2586,9,3245,3259,15,3522,3536,16,4043,4059,28,4142,4172,36,6274,6305,32,6551,6579,21,4337,4355,61,16872,16936
27070,7,440,442,12,768,778,16,1339,1356,28,3482,3508,37,2309,2339,51,4422,4461,61,4445,4508,71,5370,5436,72,5919,5991,155,9551,9711,126,9908,10034,95,6849,6940,211,14197,14404
27170,4,90,88,8,160,172,27,387,410,38,1021,1063,40,745,782,53,1066,1119,61,1147,1206,67,1233,1302,52,1288,1341,77,1891,1973,88,1959,2049,42,1225,1272,82,2303,2380
27260,6,380,385,15,658,666,20,1164,1186,41,2540,2581,51,2458,2511,81,3749,3833,73,4463,4534,91,5873,5965,82,6689,6776,134,11500,11630,164,12731,12897,108,8353,8455,215,21173,21392
27350,5,220,223,18,534,552,6,997,1001,10,1610,1617,18,1075,1092,11,1331,1340,8,1575,1585,22,2010,2031,11,2228,2239,33,4211,4243,44,4989,5031,27,2422,2445,106,14380,14486
27450,5,331,338,10,521,530,11,884,893,30,2909,2939,30,2004,2032,42,2947,2996,46,3177,3228,50,3651,3695,88,3826,3917,98,6061,6156,123,6787,6910,66,5033,5097,197,12462,12660
27630,0,23,23,8,39,48,0,103,103,9,312,314,8,163,164,7,251,260,3,199,204,8,226,240,4,199,207,4,284,286,4,241,243,4,127,131,3,245,249
29399,0,0,0,0,4,4,0,4,5,0,9,9,0,4,4,0,9,9,0,8,8,0,17,17,0,17,17,0,16,16,0,19,19,0,0,0,0,23,23
29499,0,0,0,0,0,0,0,0,0,0,0,0,0,0,0,0,0,0,0,0,0,0,0,0,0,0,0,0,0,0,0,0,0,0,0,0,0,0,0
29799,0,0,0,0,0,0,0,0,0,0,0,0,0,0,0,0,0,0,0,0,0,0,0,0,0,0,0,0,0,0,0,0,0,0,0,0,0,0,0
30250,3,0,3,5,0,5,9,0,9,18,0,18,12,0,12,13,0,20,25,5,23,25,4,26,31,4,34,19,0,20,6,0,9,6,0,7,4,4,14
30300,6,8,6,5,17,28,21,23,42,27,81,102,20,50,70,40,85,126,23,74,98,28,102,134,30,100,131,45,133,178,33,124,157,25,75,97,35,165,201
30370,0,47,49,13,59,66,11,99,105,14,266,287,21,160,180,22,260,279,22,238,262,20,301,324,25,296,320,37,499,541,29,566,596,19,351,366,63,908,972
30410,0,9,9,0,13,14,3,24,29,0,84,87,0,33,40,0,56,56,9,66,69,12,59,72,9,65,76,16,97,110,16,95,107,5,59,66,10,137,150
30450,0,0,0,0,0,0,0,3,3,0,9,7,0,4,3,0,0,3,0,5,5,0,11,11,0,7,7,0,3,3,0,13,14,0,6,9,6,14,23
30760,0,5,5,0,9,9,6,19,17,5,56,61,4,45,52,4,56,61,0,48,50,6,46,51,9,62,64,0,62,61,3,67,72,5,33,37,7,79,83
30900,0,0,0,0,0,3,0,0,3,7,0,4,0,0,4,6,8,11,3,0,8,3,3,13,0,14,15,10,15,18,4,12,12,0,7,7,0,25,24
31000,59,2637,2699,211,4721,4930,328,8083,8408,471,18150,18625,448,15159,15610,585,18953,19538,680,22182,22862,791,28106,28896,898,29922,30822,1507,49922,51428,1439,54376,55811,957,33629,34580,2613,133546,136166
31750,0,0,0,0,0,0,0,0,0,0,3,0,0,6,6,0,4,5,0,7,7,5,11,15,0,11,10,0,8,19,7,9,20,0,4,4,9,20,19
31820,15,316,332,29,531,560,56,1121,1174,137,3270,3408,138,2271,2405,187,3580,3769,203,3059,3263,215,2980,3193,204,2786,2990,290,3678,3969,245,3209,3448,141,1891,2029,195,3805,4001
31900,0,56,60,6,78,82,17,190,209,27,459,482,30,294,316,41,478,515,41,400,439,46,479,521,43,422,463,48,635,684,56,637,689,26,422,448,39,758,801
31950,0,0,0,0,0,3,3,0,8,0,6,6,6,6,7,4,3,13,0,10,10,10,3,15,3,3,6,9,7,15,5,4,12,5,9,11,3,12,13
32080,31,308,338,136,617,757,173,1235,1409,270,2832,3110,310,2489,2802,416,3084,3501,461,3626,4085,490,4209,4693,527,4268,4796,724,6654,7379,684,6298,6984,420,3865,4284,829,9327,10161
32250,3,3,7,9,3,9,7,15,25,4,35,36,8,18,27,9,18,26,16,23,43,25,22,52,20,22,46,36,52,94,21,53,72,15,17,26,26,64,84
32260,11,115,122,22,124,154,48,283,327,70,809,876,56,567,619,122,851,971,114,829,944,113,763,881,141,785,929,146,1040,1190,122,884,1010,51,534,585,84,1001,1095
32270,4,44,50,13,84,95,18,127,142,26,355,388,26,214,246,36,372,410,42,370,413,45,498,547,32,474,505,69,862,926,87,1099,1184,65,625,689,168,2279,2450
32310,0,31,39,7,64,71,12,104,114,24,317,343,16,174,184,35,291,331,32,262,296,29,242,270,29,235,271,53,372,427,51,340,389,16,213,226,52,483,533
32330,0,0,0,24,0,24,21,0,21,25,0,25,36,0,36,36,0,41,33,0,33,34,0,34,25,0,25,24,0,24,10,0,10,0,0,0,17,0,17
32450,4,3,7,11,4,10,14,9,27,28,18,46,12,13,26,12,31,43,23,34,57,16,47,63,25,45,67,25,87,119,40,103,144,15,54,66,31,183,214
32500,3,15,12,15,10,31,4,51,54,16,115,138,12,67,83,31,78,108,31,79,114,31,99,124,27,67,99,28,112,145,27,120,149,11,47,61,24,136,164
32600,0,0,0,0,0,5,0,0,0,0,3,8,0,4,7,0,6,6,0,0,4,0,6,9,5,5,4,0,4,4,3,7,10,0,3,6,0,3,6
32750,0,0,0,0,0,0,0,0,0,3,0,6,0,4,4,0,0,0,0,0,3,0,9,10,6,12,9,3,14,16,0,3,6,0,3,3,3,16,18
32770,9,0,9,5,0,5,13,0,13,14,0,14,17,0,17,19,0,19,34,0,31,23,0,27,29,7,37,30,9,28,19,9,28,5,3,10,13,10,24
32810,0,37,36,7,53,59,21,120,137,34,291,321,22,242,262,35,306,341,38,335,375,36,341,376,30,358,388,37,500,542,29,457,482,12,262,277,31,439,478
33100,0,0,0,0,8,7,0,6,6,0,25,28,0,8,13,0,14,14,3,18,21,0,19,19,0,24,24,0,33,33,0,16,16,0,11,11,3,21,22
33200,0,4,4,0,7,9,4,14,17,4,42,47,9,12,14,3,28,33,6,37,46,3,34,34,13,40,53,5,58,70,3,46,47,8,19,29,4,57,59
33220,11,364,372,38,639,675,69,1275,1349,149,4077,4225,148,2665,2814,233,4590,4827,273,3759,4029,253,3750,4006,230,3379,3613,321,3981,4297,243,3153,3398,130,1931,2062,234,3520,3744
33360,10,143,159,36,284,318,56,530,587,71,1278,1354,87,1006,1094,141,1326,1465,137,1224,1359,120,1384,1504,128,1408,1538,215,2230,2444,196,2462,2661,106,1511,1615,251,4232,4481
33430,28,1439,1469,50,2272,2324,115,4285,4399,195,11095,11288,231,9711,9943,380,12930,13307,391,13930,14318,536,16393,16926,621,17076,17703,903,25869,26768,910,26034,26945,643,16732,17374,1399,44059,45457
33610,0,27,27,7,49,56,13,71,90,25,252,277,23,153,176,35,261,296,24,228,252,29,245,275,37,248,284,33,415,450,36,356,390,17,228,243,33,440,477
33620,6,158,167,14,276,290,43,574,610,62,1867,1933,68,1236,1300,110,2005,2111,94,1657,1750,99,1646,1745,108,1614,1721,146,2044,2198,108,1667,1767,72,903,974,85,1677,1765
33800,0,38,40,6,68,78,12,132,151,24,369,399,24,253,274,34,354,389,30,329,359,20,332,354,29,279,304,32,430,458,21,375,397,17,234,254,16,429,446
33830,0,0,0,29,0,29,20,0,20,45,5,46,17,0,15,21,0,21,24,3,28,11,6,16,18,0,18,24,3,28,18,3,18,12,0,11,9,4,16
33960,15,283,296,71,663,728,112,1264,1366,198,3498,3696,254,3152,3404,368,4201,4568,413,4816,5232,430,5658,6088,509,5927,6438,801,9437,10235,669,9373,10041,425,6019,6444,728,12439,13168
33980,5,34,34,0,41,47,4,60,67,11,156,166,14,113,129,13,175,184,16,212,232,24,229,254,17,283,297,52,560,615,87,776,858,43,389,435,179,2052,2233
34420,0,0,0,9,0,9,14,0,14,17,0,17,10,0,10,14,0,20,18,0,18,16,0,16,33,0,31,16,4,21,11,6,17,6,4,12,7,16,16
34530,11,81,93,6,152,152,15,266,283,29,839,869,26,531,564,55,888,942,45,772,820,58,865,924,54,824,874,107,1176,1287,102,1287,1388,74,867,938,167,2581,2747
34570,3,0,3,9,3,12,3,0,3,8,0,8,9,0,16,17,0,17,15,0,15,9,3,17,13,0,13,18,0,19,0,5,7,3,0,3,12,8,13
34580,5,89,95,6,156,166,16,286,305,38,889,923,30,529,567,65,1035,1105,63,938,998,84,972,1055,76,1063,1142,134,1556,1690,98,1529,1629,61,915,972,131,1791,1922
34590,30,542,571,79,977,1060,111,1968,2078,272,4960,5228,297,4710,5012,418,6721,7144,473,7249,7724,533,8318,8853,587,8810,9399,835,13378,14211,828,12944,13772,508,8697,9199,907,17529,18443
34710,0,10,10,0,5,6,5,26,31,8,92,91,6,57,59,6,78,83,3,75,80,12,81,90,15,88,93,10,129,147,7,133,146,6,110,116,4,195,205
34770,13,245,263,37,479,516,71,800,867,112,2092,2201,137,1500,1635,166,2082,2246,177,2010,2187,216,2356,2571,213,2364,2573,392,4008,4400,376,4443,4826,291,2932,3222,671,8759,9426
34800,0,0,0,0,0,0,3,3,4,5,13,20,0,3,3,0,10,9,0,10,10,0,19,21,0,17,16,4,30,31,0,29,29,0,10,14,5,46,50
34830,0,0,0,0,0,0,4,0,4,9,0,9,0,0,0,12,0,12,7,0,7,13,3,11,5,0,5,7,0,9,0,4,9,0,0,0,5,3,8
34860,6,28,35,12,59,72,27,88,115,36,227,264,25,135,156,44,210,254,35,244,279,35,266,298,48,281,322,62,449,518,67,452,520,47,280,334,63,663,732
34880,11,79,91,30,123,146,33,213,249,48,585,633,43,349,395,61,542,599,58,511,574,81,558,634,72,497,571,109,721,833,65,647,708,38,436,477,84,861,947
35010,32,875,908,97,1432,1527,173,3089,3260,324,8914,9240,363,7610,7976,533,10503,11031,581,10739,11321,682,12268,12952,750,12372,13117,1214,18770,19986,1033,18827,19865,671,12626,13302,1406,31050,32448
35250,3,0,3,30,0,30,14,0,14,16,0,16,8,0,6,9,0,9,18,0,18,12,4,14,11,3,17,8,8,14,4,11,13,0,0,11,12,21,24
35300,12,24,31,65,38,106,48,69,121,63,118,188,77,88,165,74,130,207,77,150,224,89,232,317,89,268,355,141,509,647,139,747,886,97,410,500,287,1618,1910
35600,0,12,14,4,23,24,3,38,38,15,133,148,16,56,74,19,64,83,18,89,107,19,107,125,22,99,120,19,157,183,22,111,129,15,71,87,17,161,178
35670,3,0,3,7,0,3,6,0,6,6,0,0,13,0,13,8,0,8,3,0,3,7,0,9,6,3,9,10,4,6,8,0,6,3,0,3,3,0,5
35740,5,208,213,7,273,275,8,449,462,14,1321,1338,14,1055,1068,21,1455,1479,30,1474,1499,41,1657,1697,31,1799,1833,70,2402,2473,47,2123,2165,41,1268,1306,93,3771,3869
35760,3,45,50,9,67,78,13,128,144,30,374,402,24,219,244,42,338,379,26,315,344,36,294,328,32,277,308,25,307,328,21,294,309,14,155,168,14,304,317
35780,10,0,10,24,0,24,21,0,20,27,4,34,29,0,31,42,3,46,42,4,46,51,5,57,44,11,52,58,14,72,45,22,68,27,9,39,49,27,80
35790,0,0,0,28,0,28,28,0,27,30,4,37,30,3,32,50,0,50,45,0,45,42,0,42,33,0,33,46,8,58,35,5,39,17,5,20,20,6,30
35800,3,5,5,6,4,12,33,23,50,31,61,94,20,23,39,25,31,54,18,45,58,20,30,47,25,28,57,18,44,65,12,43,59,7,18,24,14,33,45
36070,0,0,0,3,0,3,3,0,3,13,0,13,6,0,6,11,0,11,18,0,15,14,0,17,10,0,11,10,11,15,6,6,11,5,5,5,7,9,13
36150,0,3,3,0,6,9,0,5,8,0,10,13,0,15,13,7,15,18,0,10,10,7,24,30,0,14,14,0,18,18,8,25,31,0,7,8,5,34,39
36250,11,327,336,28,626,649,58,1150,1203,87,3420,3507,93,2374,2466,135,3622,3749,150,3359,3509,159,3815,3972,180,3772,3950,266,5833,6098,293,6292,6590,181,4611,4792,449,12713,13163
36300,0,0,0,0,0,0,0,6,6,0,10,10,0,10,13,0,9,11,5,11,10,0,14,17,4,10,13,6,36,39,4,23,29,0,17,17,3,31,35
36370,22,147,173,55,346,402,72,687,763,167,1881,2043,146,1283,1429,208,1830,2037,204,1827,2030,219,1927,2139,229,1919,2147,329,2904,3239,332,2935,3264,231,1745,1982,365,4398,4775
36510,3,117,123,6,205,206,12,291,300,25,983,1007,20,739,762,54,1169,1224,59,1064,1120,59,1202,1260,60,1149,1214,79,1590,1669,75,1538,1613,77,950,1028,105,2194,2302
36580,3,65,66,5,93,99,14,199,207,19,644,667,31,416,448,33,737,773,49,682,733,61,698,757,48,649,695,72,943,1018,57,849,909,34,515,551,59,1038,1098
36630,4,96,102,13,195,208,13,386,398,63,1314,1377,48,722,772,77,1208,1285,97,1088,1184,81,934,1016,87,887,972,117,1132,1242,79,967,1044,39,531,569,81,1013,1098
36660,4,136,132,15,207,220,22,388,411,52,1233,1290,46,820,872,81,1359,1438,80,1174,1258,78,1155,1229,84,1056,1138,115,1420,1539,77,1152,1232,42,600,638,75,1107,1184
36720,20,800,825,49,1317,1365,64,2416,2487,133,7187,7318,144,5782,5922,237,8237,8481,245,8311,8557,291,9272,9559,346,9627,9974,524,13976,14501,521,13933,14450,368,9066,9432,767,22603,23369
36820,3,113,119,19,142,161,32,304,339,43,792,832,51,584,642,69,816,882,89,696,780,63,705,766,57,694,753,89,896,986,88,806,894,36,453,492,76,992,1078
36910,27,396,420,57,664,716,93,1323,1413,184,4078,4259,179,3069,3244,271,4428,4698,306,4351,4652,309,4769,5080,362,4790,5151,481,7196,7678,452,6729,7188,295,4193,4491,481,9251,9733
36950,8,0,8,10,3,8,11,3,15,20,11,31,13,9,24,30,0,29,30,16,44,42,9,50,44,16,56,67,38,106,66,56,127,38,21,60,130,89,205
36960,8,0,8,51,4,57,64,4,62,80,0,83,56,3,57,86,4,93,102,4,103,91,0,97,93,0,90,97,6,110,60,11,73,33,0,32,44,11,53
37010,41,355,393,118,712,826,176,1274,1448,244,3082,3323,286,2602,2891,390,3478,3874,424,3805,4229,469,4540,5011,516,4768,5285,805,7697,8498,714,7494,8209,516,5073,5585,916,12076,12998
37300,0,0,0,0,0,0,0,0,3,0,13,9,0,6,6,7,16,22,0,12,10,16,27,41,0,26,27,30,85,109,26,157,187,32,91,118,103,421,527
37310,3,70,73,16,144,162,31,259,295,72,769,836,70,585,652,76,761,837,98,773,869,82,863,952,101,814,915,134,1193,1335,130,1149,1280,60,665,720,113,1448,1557
37340,12,79,84,20,158,181,23,269,292,44,675,721,53,595,649,61,827,890,58,825,880,75,803,873,81,797,884,119,1224,1345,126,1257,1381,53,796,847,141,1788,1927
37400,0,5,5,0,8,10,0,15,15,8,33,41,0,9,16,3,19,21,0,33,30,5,23,24,0,33,33,12,34,43,0,33,34,3,33,31,3,39,45
37550,5,0,5,29,0,29,25,0,25,22,0,23,25,0,28,23,0,25,27,0,27,24,0,17,14,0,14,18,0,15,6,4,10,3,0,3,6,5,10
37570,0,0,0,4,0,4,5,0,5,13,0,13,0,0,0,14,0,14,10,0,10,9,0,9,3,0,0,7,4,8,0,0,4,0,0,0,0,0,3
37600,0,0,0,31,0,28,18,0,18,25,0,27,16,0,16,49,0,49,35,0,35,36,0,36,61,0,61,65,0,64,36,0,40,28,0,28,23,3,24
39499,0,0,0,0,0,0,0,0,0,0,0,0,0,0,0,0,0,0,0,0,0,0,0,0,0,0,0,0,0,0,0,0,0,0,0,0,0,0,0
39799,0,0,0,0,0,0,0,0,0,0,0,0,0,0,0,0,0,0,0,0,0,0,0,0,0,0,0,0,0,0,0,0,0,0,0,0,0,0,0
40070,0,159,163,11,274,284,19,373,389,5,531,539,14,562,574,8,455,460,9,637,644,3,904,909,8,795,804,7,1320,1333,9,1269,1270,13,537,546,12,2075,2085
40120,0,75,75,0,131,131,5,208,212,0,630,630,0,451,449,7,739,750,7,799,808,4,878,880,13,988,999,20,1446,1468,12,1520,1536,11,1167,1180,53,4172,4223
40150,0,12,12,0,32,32,0,59,59,3,169,176,5,105,112,4,194,197,4,211,211,12,213,217,6,262,271,15,427,446,24,420,445,11,275,284,22,486,514
40220,0,93,95,5,176,178,3,296,302,21,926,946,16,746,760,20,1159,1178,17,1135,1155,15,1080,1099,12,988,1009,40,1193,1233,26,918,941,15,564,574,27,1167,1200
40250,0,0,0,11,0,11,3,0,3,29,0,29,27,0,23,37,0,43,30,5,31,44,5,52,33,16,46,42,26,61,16,11,29,9,17,28,6,39,44
40310,0,56,55,0,101,106,0,180,185,9,628,638,10,486,493,10,719,727,13,657,672,10,777,789,15,787,796,18,1068,1086,19,1070,1090,10,706,719,28,1537,1560
40430,0,3,3,0,19,19,0,46,46,0,138,140,0,69,69,6,126,133,4,87,87,8,96,100,0,74,76,0,90,90,0,76,77,3,46,43,0,105,109
40520,3,37,34,11,63,71,17,136,148,30,396,428,14,231,246,29,360,386,26,323,346,15,366,379,23,348,369,23,446,467,19,383,402,16,212,232,11,380,398
40700,0,113,113,0,212,216,0,296,297,5,700,704,5,747,745,7,795,801,3,903,911,9,1081,1096,7,1132,1138,14,1736,1743,10,1737,1749,9,1132,1146,17,5651,5672
40910,0,139,144,5,290,293,11,495,513,17,1462,1483,16,1044,1058,13,1322,1334,17,1326,1343,29,1546,1573,19,1542,1567,16,2307,2328,19,2381,2399,18,1604,1621,27,4147,4177
41010,3,8,7,16,15,27,8,34,35,20,74,89,11,44,59,23,54,77,22,66,90,12,81,87,26,99,119,24,105,125,18,97,114,21,66,92,30,156,183
41060,5,296,308,27,677,705,51,1343,1398,69,3454,3523,52,2134,2185,86,2944,3030,57,3195,3253,75,3591,3663,75,3578,3650,106,5372,5478,92,5240,5335,50,3549,3600,172,9292,9456
41140,3,28,29,0,36,43,0,109,108,7,307,316,7,190,193,0,264,269,9,284,297,10,290,305,12,331,344,11,409,421,19,345,365,0,200,203,11,449,454
41190,0,3,3,0,20,20,0,15,15,0,66,66,0,26,26,0,66,67,0,57,60,0,69,69,5,53,55,0,68,67,5,46,50,0,29,29,0,57,57
41330,3,8,7,0,18,20,5,48,54,10,107,116,0,26,27,3,46,55,9,40,47,3,38,38,6,32,37,5,46,51,9,47,50,3,10,15,4,25,31
41560,3,50,58,3,107,111,6,216,224,12,670,684,12,360,377,30,719,748,25,544,573,16,510,532,19,517,535,28,544,569,21,460,478,6,256,268,15,451,461
41750,0,0,0,0,11,11,0,11,11,0,41,41,0,20,24,3,31,34,4,29,32,0,34,36,0,35,35,0,30,35,3,38,35,0,19,23,0,23,22
41830,0,0,0,0,7,10,4,30,35,10,70,83,9,24,32,7,53,57,7,47,53,6,49,57,4,28,40,6,66,78,3,45,53,0,32,35,9,40,47
41960,0,5,5,0,0,0,0,13,13,0,49,46,0,29,29,0,44,44,0,33,37,3,33,33,0,49,49,0,42,40,4,38,40,6,25,29,0,51,54
42030,5,50,57,3,125,131,5,257,257,20,770,791,17,610,631,21,795,820,26,755,785,26,829,853,38,800,831,45,1099,1142,33,1066,1098,19,666,684,30,1157,1181
42110,0,15,18,6,22,29,3,66,64,6,222,223,4,118,122,11,173,182,0,152,150,5,124,126,8,136,142,12,126,132,5,120,120,0,85,85,0,90,90
42250,0,17,17,0,27,27,0,48,47,0,128,133,3,100,101,6,175,180,3,201,207,8,171,174,5,196,200,13,291,301,22,342,366,3,213,221,20,506,522
42600,6,101,101,5,187,189,3,339,348,7,931,937,6,899,906,13,977,993,11,1073,1087,8,1227,1239,10,1202,1219,24,1685,1699,16,1532,1558,14,981,987,48,3685,3735
42750,0,22,22,0,36,42,0,64,64,5,196,205,3,113,116,8,162,169,3,160,165,0,156,153,9,151,153,0,224,230,0,167,169,9,81,81,0,182,182
43080,0,10,10,0,0,4,0,22,22,0,51,51,0,29,29,0,34,36,0,32,34,0,26,27,0,38,39,0,41,41,0,20,16,0,22,18,0,20,20
43220,0,0,0,0,8,8,0,8,8,0,33,33,0,11,11,0,29,29,0,34,34,0,30,30,0,44,44,0,32,32,0,45,43,0,26,29,0,26,26
43360,0,5,5,0,15,15,0,25,23,0,74,75,4,68,70,4,91,94,0,83,90,3,75,83,4,88,87,8,103,103,0,70,70,0,50,50,3,101,112
43650,0,23,23,0,51,50,0,72,72,3,253,260,7,195,200,6,326,332,8,341,354,12,364,369,4,376,380,13,629,647,20,656,678,12,477,487,16,982,1000
43710,0,12,12,0,24,23,6,43,50,0,111,111,0,72,69,0,116,114,0,151,158,0,147,147,3,176,178,11,250,260,7,222,225,9,137,148,5,310,323
43790,0,32,40,5,51,62,8,138,142,11,416,434,10,300,312,16,439,456,13,365,382,8,392,402,10,390,401,19,457,472,14,418,430,9,250,261,8,447,457
44000,0,0,0,0,0,0,0,0,0,4,0,4,0,0,0,0,0,0,0,0,0,0,0,0,3,4,4,0,4,4,0,0,3,0,0,0,0,0,0
44060,9,280,288,33,564,597,30,1079,1110,43,2588,2630,30,1782,1814,48,2277,2322,46,2376,2426,50,2776,2828,68,2846,2913,66,4317,4378,49,4385,4435,44,2938,2981,101,6569,6672
44210,4,37,38,0,80,80,8,165,174,18,445,463,9,272,281,11,403,407,9,326,339,10,321,332,12,285,298,7,324,335,11,254,262,5,139,147,3,203,216
44340,0,150,148,6,247,254,6,384,383,7,1205,1210,8,1001,1014,11,1222,1233,11,1384,1391,11,1600,1615,12,1694,1701,27,2510,2540,25,2484,2506,23,1832,1855,65,7328,7390
44550,0,69,68,0,115,121,11,222,237,13,744,757,9,632,643,10,838,853,10,931,941,20,1015,1033,24,1037,1063,35,1656,1687,36,1839,1878,22,1204,1227,30,2697,2731
44620,5,66,70,11,177,185,5,367,373,17,1018,1036,22,648,666,35,891,928,38,865,905,30,851,881,37,800,835,45,1206,1255,38,1183,1218,23,618,647,30,1080,1110
44830,0,10,10,0,23,23,6,45,48,3,102,111,4,66,76,6,100,106,0,88,90,0,89,89,4,104,108,8,114,116,3,83,83,3,57,58,8,88,96
45040,0,61,59,14,119,128,12,273,288,42,808,852,20,520,536,48,757,808,54,692,744,49,714,766,43,714,757,60,852,904,42,723,772,31,375,400,45,572,622
45090,0,29,29,0,38,42,0,71,73,6,219,228,3,143,145,7,240,246,4,227,235,9,250,262,8,254,263,15,432,431,17,347,364,5,212,217,6,402,415
45120,0,12,12,0,28,34,4,47,50,8,191,196,0,99,100,3,168,172,4,175,173,0,155,155,7,153,168,12,200,210,3,160,159,0,90,90,0,170,176
45290,0,127,129,10,243,253,3,390,396,9,1025,1037,3,831,835,5,840,848,6,944,943,10,1126,1133,12,1056,1074,6,1786,1788,12,1657,1668,13,902,914,29,3789,3828
45340,17,317,338,57,775,830,40,1621,1655,64,4668,4737,79,3503,3587,119,5031,5147,136,5184,5326,147,5642,5784,161,5551,5716,195,7973,8177,190,7438,7626,118,4933,5047,212,8749,8968
45400,0,0,0,0,4,4,0,8,8,0,39,41,0,17,17,0,31,31,0,22,22,0,34,34,0,32,28,0,21,21,0,33,33,0,17,16,0,29,29
45540,0,9,8,0,21,24,3,46,51,3,130,135,5,50,51,13,74,82,9,64,68,8,51,52,0,43,41,8,53,61,0,21,26,0,14,14,4,30,29
45680,12,188,203,44,497,536,67,1079,1143,112,2465,2574,141,1843,1982,169,2628,2799,173,2985,3152,173,3047,3220,161,2939,3104,216,4031,4249,195,3443,3642,114,2099,2213,161,3062,3222
45890,21,323,343,55,817,878,73,1632,1704,99,3766,3864,93,2303,2399,88,3190,3277,121,3271,3391,123,3737,3863,117,3862,3984,139,5958,6100,145,5826,5976,91,3692,3789,181,7437,7615
46090,15,22,33,33,65,102,46,131,175,75,345,419,62,205,265,87,332,418,67,298,371,72,339,410,81,298,373,121,450,568,76,407,480,34,262,297,95,521,627
46300,0,27,27,11,92,106,23,175,206,33,461,495,32,297,327,35,414,448,26,429,453,31,453,489,28,414,442,44,570,612,33,544,579,22,325,346,29,579,620
46450,6,53,56,24,134,154,13,274,291,32,826,857,28,415,442,38,606,647,33,565,600,42,494,540,22,510,532,37,641,684,30,558,589,16,350,372,25,664,690
46510,0,50,50,3,98,104,5,179,184,8,384,389,4,331,336,0,341,344,15,414,429,15,576,592,7,584,590,15,928,942,17,999,1017,0,641,650,21,2407,2435
46670,0,31,35,8,64,65,7,114,123,10,296,300,10,205,218,15,348,368,16,311,331,10,283,296,15,313,323,20,431,446,15,357,374,7,204,212,0,369,372
46860,0,7,7,0,8,8,0,12,12,4,52,48,0,38,38,0,58,58,0,50,50,6,62,60,0,38,38,0,76,76,0,77,77,0,37,38,0,69,68
46970,0,4,4,0,3,3,0,0,0,0,7,7,0,4,3,0,13,13,0,10,10,0,24,20,0,50,50,6,104,104,19,169,185,7,84,90,36,551,586
47140,10,273,285,31,677,703,51,1383,1434,80,3614,3692,90,2430,2524,125,3856,3986,129,4180,4308,146,4622,4771,145,4513,4665,232,6382,6613,182,5902,6083,108,3323,3433,187,5521,5708
47290,0,6,6,0,13,15,0,16,16,0,60,60,3,29,36,0,70,77,0,56,53,5,65,71,0,81,81,0,93,93,4,87,93,0,39,38,0,80,83
47490,0,10,10,6,14,21,0,33,33,0,65,65,0,36,36,0,69,67,3,69,72,0,66,63,4,59,61,7,70,81,3,67,70,0,41,38,0,72,77
47630,0,12,12,0,36,35,3,51,49,4,140,142,0,104,107,0,187,186,0,183,180,9,206,213,7,204,207,4,338,343,8,272,281,5,178,174,4,322,325
47700,8,182,190,14,357,368,23,741,762,29,2270,2299,21,1585,1604,30,2406,2433,43,2540,2587,66,3044,3111,41,3061,3103,74,4474,4551,64,4534,4602,82,3225,3306,123,6885,7013
47800,0,15,15,9,28,40,9,76,82,12,217,226,9,112,122,7,198,204,11,193,198,11,200,214,15,188,203,17,206,222,5,170,178,3,85,94,6,161,163
47910,0,11,11,0,18,18,0,32,32,0,135,135,4,77,77,0,122,121,7,74,79,0,92,91,0,96,95,0,126,133,0,105,103,0,71,71,0,102,106
47980,0,88,88,4,181,183,3,294,300,5,758,761,8,665,681,7,718,719,10,808,814,12,1039,1051,0,967,965,10,1560,1571,17,1589,1609,5,951,963,29,4752,4787
48050,0,58,58,0,88,95,7,225,229,9,709,719,13,627,638,14,848,864,12,704,716,12,723,736,17,654,670,18,612,637,17,491,500,8,245,246,13,473,488
48130,0,13,18,0,57,54,3,83,86,5,253,260,9,134,141,12,245,255,12,222,230,11,216,226,4,213,216,14,281,290,9,254,258,3,128,135,3,211,222
48260,0,18,24,3,40,45,0,72,70,0,159,162,0,120,124,3,125,131,0,137,137,0,204,205,0,209,210,0,322,322,0,301,304,0,160,165,3,1069,1068
48340,0,43,47,5,82,85,8,159,166,9,424,432,10,267,279,8,399,410,20,374,397,8,355,363,12,377,385,20,503,526,10,422,438,6,241,249,7,458,470
48410,3,153,161,16,351,369,16,661,674,19,1671,1689,18,1247,1273,20,1452,1473,39,1514,1548,27,1870,1891,27,1883,1912,38,2846,2878,54,2763,2819,24,1904,1928,66,4685,4763
48540,11,75,79,26,220,248,44,378,424,41,823,865,35,469,501,55,638,688,45,642,688,35,623,657,44,592,637,34,851,893,42,766,800,25,473,501,46,1093,1135
48640,0,4,4,0,0,3,0,11,11,0,42,43,0,19,20,3,27,30,0,22,25,4,24,27,0,24,27,0,52,52,0,38,38,0,30,30,0,48,51
48750,0,28,28,0,47,45,0,72,72,0,247,254,7,161,167,3,266,269,3,221,225,0,231,232,5,197,204,4,251,264,9,179,186,0,115,117,0,186,192
48830,5,58,65,18,96,107,5,174,186,20,558,580,10,305,310,14,539,557,6,400,413,11,397,414,12,381,391,24,432,457,9,345,358,6,184,193,5,358,357
49399,7,7,8,16,17,35,12,35,48,26,78,96,11,34,45,18,53,72,21,53,76,15,60,78,11,53,67,22,101,118,8,72,78,4,28,34,16,76,86
49499,0,0,0,0,0,0,0,0,0,0,0,0,0,0,0,0,0,0,0,0,0,0,0,0,0,0,0,0,0,0,0,0,0,0,0,0,0,0,0
49799,0,0,0,0,0,0,0,0,0,0,0,0,0,0,0,0,0,0,0,0,0,0,0,0,0,0,0,0,0,0,0,0,0,0,0,0,0,0,0
50080,6,122,127,13,189,205,32,370,405,40,1048,1085,34,841,876,37,1085,1133,46,993,1037,50,1118,1172,48,1079,1121,51,1561,1619,49,1476,1523,31,926,959,78,1869,1951
50210,5,145,147,22,318,344,21,598,624,52,1476,1528,66,1166,1225,78,1621,1702,69,1764,1831,100,2194,2296,79,2316,2390,125,3879,4008,141,3864,4003,92,2562,2653,174,6137,6314
50250,0,4,4,7,5,14,5,5,10,9,13,26,9,4,15,13,16,25,6,15,23,9,29,39,7,35,44,21,94,112,28,243,274,13,96,107,90,602,686
50280,3,45,48,3,70,79,3,119,126,6,302,313,5,262,269,0,352,352,6,350,357,4,459,462,8,456,467,23,666,682,8,639,649,12,399,412,14,864,875
50350,0,42,42,8,71,81,3,172,178,12,405,416,9,273,279,11,343,354,8,346,355,16,407,420,15,391,402,20,624,639,22,723,739,17,461,473,34,1353,1388
50420,4,173,182,22,339,363,16,655,669,24,1659,1684,25,1126,1142,44,1524,1565,26,1581,1604,32,1819,1848,33,1919,1949,64,2976,3047,47,3081,3123,37,1861,1901,93,6264,6359
50490,7,101,105,18,217,238,24,474,503,28,1018,1045,27,600,627,30,795,830,23,968,992,34,1175,1207,41,1268,1308,59,1996,2063,56,2028,2080,35,1086,1118,90,3073,3159
50560,0,7,7,0,11,14,0,19,19,0,72,72,0,38,38,3,58,64,3,54,59,0,53,53,0,51,50,0,51,52,0,47,53,0,31,35,0,63,63
50630,0,7,7,5,13,13,0,10,9,0,35,35,0,24,27,0,30,30,0,32,32,4,33,38,5,27,37,0,55,56,5,66,74,3,28,33,0,122,124
50770,0,13,13,0,16,16,0,23,23,5,45,49,0,30,30,4,43,48,0,62,62,0,38,42,0,54,58,0,65,67,3,63,67,0,32,32,5,80,85
50840,0,27,27,0,20,20,0,46,54,7,191,198,0,113,111,0,176,176,3,139,151,0,149,154,4,130,133,0,193,194,9,186,195,0,114,119,6,255,264
50910,0,4,0,0,10,11,0,8,5,3,27,29,0,10,14,5,22,23,0,19,19,0,24,32,3,16,23,7,42,40,0,25,25,0,14,16,0,45,36
50980,21,16,38,59,23,86,116,55,168,86,89,169,74,69,144,92,101,199,86,112,196,100,187,287,95,175,263,130,354,478,141,456,596,82,319,402,218,1100,1322
51080,0,5,5,4,9,12,0,8,10,0,24,24,6,12,16,0,22,22,4,21,29,4,33,33,0,27,30,3,25,28,0,34,35,0,21,23,4,57,59
51120,0,3,3,0,3,3,0,3,3,0,32,30,0,12,14,0,27,29,0,22,24,5,23,22,0,20,20,0,39,37,3,33,34,0,17,17,0,48,44
51190,4,76,78,23,192,215,12,426,437,30,1020,1053,42,752,787,40,990,1026,39,942,976,51,989,1039,44,931,970,83,1432,1515,60,1219,1278,24,726,751,67,1836,1897
51260,3,93,98,11,182,189,10,307,317,19,893,908,15,750,761,20,1080,1096,22,935,960,37,1132,1166,34,1067,1100,38,1457,1488,40,1462,1496,20,984,1003,54,2404,2467
51310,0,56,59,0,84,84,0,145,145,0,304,307,0,308,307,5,333,336,3,391,395,6,473,480,4,506,514,6,733,742,5,813,818,3,509,513,30,4744,4774
51330,0,248,250,21,418,432,23,683,710,36,1606,1644,29,1148,1176,37,1622,1659,35,1739,1769,47,2181,2227,40,2238,2277,48,3619,3664,51,3759,3808,36,2523,2559,98,7658,7759
51400,0,34,40,0,54,61,0,97,104,9,269,276,8,183,197,13,320,331,7,276,281,14,350,368,17,392,407,31,615,642,22,731,756,16,513,536,42,1338,1378
51470,0,0,0,0,0,0,0,12,12,0,20,25,0,10,10,0,15,17,0,11,11,0,17,17,0,16,19,0,32,31,0,14,14,0,12,12,0,22,22
51540,4,10,14,20,19,43,20,36,65,26,89,117,18,64,84,29,91,119,27,103,124,23,93,116,14,110,126,32,145,166,21,157,177,19,91,112,32,242,268
51610,0,3,3,0,5,5,0,3,3,0,23,24,0,15,20,3,20,19,0,25,19,0,27,27,0,28,30,4,41,50,6,53,56,4,46,56,11,106,107
51680,0,9,9,0,20,20,0,22,22,0,78,78,3,45,43,3,95,98,4,113,115,7,105,107,5,107,112,4,166,174,8,189,193,3,149,151,9,484,497
51710,0,8,8,0,3,3,0,9,9,0,16,16,0,7,7,0,7,7,0,13,13,0,24,24,0,29,29,0,63,63,0,54,54,0,33,33,5,112,116
51750,0,48,48,0,45,47,0,74,74,0,169,170,0,168,166,0,158,158,0,200,200,0,239,236,0,257,258,0,414,417,0,376,374,0,203,206,11,1640,1648
51820,7,231,240,18,462,479,28,807,832,46,1996,2041,44,1337,1378,40,1992,2031,50,2089,2136,69,2543,2610,72,2658,2732,103,4676,4771,116,5173,5286,74,3549,3628,208,10688,10888
51860,0,0,0,0,0,0,0,0,0,0,0,0,0,0,0,0,9,9,0,3,3,0,3,3,0,9,9,0,9,9,0,14,14,0,15,15,0,44,44
51890,0,12,13,7,56,62,7,127,139,12,342,353,3,157,162,12,276,287,16,219,232,14,234,246,15,227,244,26,311,332,17,284,299,7,192,201,21,419,441
51960,0,7,9,4,13,18,3,31,35,12,70,80,10,28,36,11,52,66,9,41,53,14,43,55,6,44,50,15,81,95,14,136,152,3,55,57,17,243,262
52030,0,6,6,0,5,5,0,18,18,4,40,38,0,25,25,0,37,35,0,42,42,0,26,28,5,26,31,5,36,36,0,35,39,0,18,19,0,43,43
52100,0,3,0,0,5,5,3,8,8,0,33,33,0,23,23,3,29,26,0,35,35,0,22,22,0,28,26,0,40,40,0,47,47,0,33,33,0,46,52
52170,0,22,22,4,29,30,0,52,52,0,74,78,0,70,70,0,82,81,0,101,97,0,117,118,0,99,104,0,201,201,0,236,238,0,119,119,7,1466,1468
52240,0,0,4,0,3,3,4,13,14,0,24,26,0,20,20,4,27,31,0,27,26,0,37,37,0,29,29,3,45,46,0,42,38,0,16,16,0,57,58
52310,0,0,0,0,7,7,0,8,8,0,43,46,0,12,11,0,22,22,0,21,24,0,27,28,0,24,24,0,47,47,0,25,25,0,17,17,0,35,35
52380,0,0,0,0,0,0,0,4,4,0,16,16,0,9,9,0,6,3,0,0,0,0,0,0,0,5,5,0,9,8,0,5,5,0,0,0,0,5,9
52450,0,3,3,0,3,3,0,10,8,0,30,32,5,21,23,4,14,21,0,28,30,3,29,31,0,34,38,0,56,56,0,55,55,0,30,30,0,54,54
52520,0,0,0,0,0,0,0,9,9,0,12,11,0,17,17,0,20,23,0,25,26,0,31,32,3,25,34,0,39,45,3,50,55,3,35,42,6,80,85
52590,0,8,10,0,21,25,0,48,51,0,94,96,0,47,50,3,99,102,5,81,82,0,75,75,7,85,86,0,131,128,8,103,115,5,63,62,14,160,177
52660,0,30,34,0,36,37,4,91,96,3,286,292,8,190,200,8,360,363,16,319,335,12,336,351,12,326,337,23,543,561,23,618,640,17,415,435,35,974,1003
52730,0,22,22,3,43,49,0,73,73,4,212,217,0,145,140,0,196,194,0,196,195,3,206,208,0,166,169,0,220,220,4,158,161,4,130,136,4,266,268
52800,10,4,14,77,3,76,56,6,58,126,23,148,46,13,62,116,12,130,95,25,120,79,53,138,67,65,135,100,131,230,56,122,179,22,54,74,64,164,223
52870,0,38,38,0,24,24,0,50,52,3,180,180,4,94,101,4,182,189,3,166,169,9,173,177,5,166,172,8,195,200,8,201,211,7,136,147,9,343,355
52940,0,0,0,0,7,7,0,5,5,0,35,35,5,9,10,0,28,28,0,20,20,0,26,31,0,16,23,3,18,24,6,29,31,3,14,16,0,24,24
53010,0,0,0,0,4,4,0,8,4,0,17,13,0,9,6,0,13,13,0,19,18,0,30,30,0,12,12,3,32,28,0,18,18,0,12,12,0,18,18
53080,0,0,0,3,7,8,0,9,9,5,39,42,0,10,18,5,22,25,0,22,24,0,14,10,6,8,9,0,16,16,0,14,17,3,10,9,0,17,16
53150,0,18,21,6,25,32,0,49,49,0,125,125,0,110,114,0,124,122,0,108,105,0,146,146,4,181,185,4,235,249,3,261,267,0,136,144,4,1086,1094
53220,0,4,4,8,3,14,10,10,18,12,10,24,11,6,19,32,17,47,30,22,54,34,39,70,27,64,93,48,144,185,27,164,190,23,105,135,84,526,603
53290,4,39,41,5,64,74,8,117,128,6,335,341,10,218,224,16,271,288,10,270,281,20,328,355,20,327,342,24,509,526,24,526,552,11,307,315,38,785,818
53360,0,4,4,0,11,11,0,15,21,0,42,42,4,35,37,3,44,45,0,49,52,4,57,65,0,56,56,4,114,117,3,131,129,3,88,86,11,220,225
53430,4,89,95,17,223,234,20,382,400,20,807,828,5,506,516,17,626,641,21,642,659,9,743,751,21,707,724,17,1215,1230,24,1289,1315,14,716,729,58,3626,3689
53570,0,20,20,0,33,37,0,60,60,6,153,154,0,88,88,4,149,151,0,143,144,9,111,115,3,138,143,4,206,218,7,181,191,7,109,114,8,237,254
53640,0,0,9,0,11,10,0,3,4,3,18,27,0,18,18,3,21,25,0,25,27,0,38,41,3,38,45,0,30,33,0,55,53,0,24,31,4,71,73
53710,0,0,0,0,5,5,3,9,11,0,35,35,0,22,22,0,34,35,3,28,31,0,22,22,0,29,29,0,47,46,0,26,32,0,12,17,0,46,46
53780,15,212,226,27,453,486,39,898,933,46,2150,2197,71,1631,1703,93,2456,2547,76,2505,2577,101,3044,3150,104,3131,3231,130,4997,5125,155,4954,5108,98,3232,3330,175,7351,7528
53800,15,84,98,35,212,250,79,318,398,83,816,898,70,605,678,91,855,946,120,781,902,85,853,934,88,848,930,154,1347,1500,124,1424,1549,82,912,992,182,2271,2456
53920,8,0,11,39,0,42,35,5,37,61,3,59,49,10,55,63,8,67,66,10,75,64,14,78,49,21,74,48,49,101,36,42,74,18,17,38,16,45,52
53990,0,55,54,0,101,105,11,202,208,17,559,571,20,352,370,14,606,622,17,526,548,25,614,646,29,610,640,36,999,1043,37,1149,1190,32,759,790,65,1950,2015
54060,0,5,5,0,20,22,5,55,54,3,112,114,4,97,103,5,107,114,9,93,101,3,83,85,6,82,88,3,119,128,9,110,124,0,67,67,6,186,178
54130,0,4,4,0,9,11,0,14,14,3,16,15,0,25,25,6,24,29,0,21,21,0,33,31,0,41,41,0,53,59,0,35,37,0,18,18,0,63,63
54170,0,344,344,9,480,491,9,882,891,19,2324,2348,20,1826,1841,20,2662,2681,21,2709,2730,43,3281,3327,47,3290,3337,58,5325,5391,88,5914,5996,62,4448,4510,213,17380,17598
54200,0,152,152,8,208,218,11,374,388,24,976,995,26,783,807,28,1103,1133,22,1086,1112,36,1403,1441,45,1396,1437,63,2130,2199,62,2336,2399,54,1640,1688,127,4809,4939
54280,6,48,50,20,74,94,32,114,140,29,300,326,24,201,228,42,261,306,37,318,353,40,406,443,33,444,480,86,978,1058,71,1261,1329,51,745,801,171,3041,3217
54310,11,10,16,14,17,34,24,26,51,31,42,67,25,39,61,29,57,86,47,66,112,52,120,166,43,166,204,77,493,570,87,687,777,55,365,421,265,2772,3038
54340,3,11,16,0,12,16,3,28,32,11,82,98,9,70,77,14,112,128,13,101,117,12,94,107,6,100,106,16,166,177,8,139,152,8,95,105,14,143,154
54410,3,5,6,0,8,10,0,9,15,0,45,44,3,20,18,6,34,41,0,28,32,0,23,25,5,24,25,3,31,37,0,41,43,0,26,27,0,34,36
54480,0,0,0,0,0,0,0,0,0,0,5,5,0,5,5,0,8,8,0,7,11,0,16,16,0,11,11,0,14,20,0,23,23,0,14,14,0,29,29
54550,0,7,9,0,14,14,0,6,6,0,43,50,6,27,30,5,57,59,4,51,52,3,58,59,6,48,52,0,72,80,6,86,88,0,35,41,7,110,113
54620,0,4,5,3,5,13,3,3,10,5,18,24,0,8,14,0,25,26,0,20,23,0,22,22,0,23,23,4,22,25,0,27,29,0,14,14,0,44,44
54690,0,0,0,0,3,7,0,4,4,0,8,8,0,6,6,0,16,16,0,8,10,0,8,8,0,15,18,0,12,12,0,17,17,0,9,9,0,16,20
54760,0,3,3,0,3,3,0,5,5,0,16,16,0,13,14,0,8,8,0,10,10,4,12,17,0,15,17,0,20,21,0,31,31,0,16,16,0,55,55
54830,13,64,75,12,158,175,21,319,340,24,721,749,33,577,612,44,747,794,39,873,913,52,1027,1081,49,1100,1150,77,1968,2049,61,1880,1945,41,1242,1286,109,2538,2639
54900,0,0,0,0,0,0,0,4,4,0,22,23,0,8,8,0,22,28,0,30,36,0,30,35,0,33,33,5,63,68,0,59,59,5,28,32,0,72,78
54970,0,0,0,10,0,12,8,0,13,9,6,19,6,0,5,19,0,19,10,5,16,4,4,10,5,3,5,5,10,22,6,8,16,3,6,10,0,24,23
55040,0,0,0,3,4,3,5,5,4,0,8,11,0,8,8,8,10,13,3,7,12,6,14,22,4,20,23,0,34,41,5,42,43,4,12,20,6,59,71
55110,3,246,249,22,497,513,26,970,993,52,2680,2732,76,2082,2163,77,2881,2960,82,2510,2595,91,2493,2590,74,2241,2315,126,3033,3160,121,3072,3188,73,1807,1882,159,5220,5384
55180,0,32,30,3,79,85,5,95,99,4,284,296,12,184,195,15,267,283,9,278,291,20,282,306,14,242,255,16,370,389,15,319,338,5,198,204,18,333,351
55250,0,0,0,9,0,7,12,5,15,4,7,21,3,4,11,11,8,20,9,10,11,16,6,23,8,7,17,17,14,33,7,27,36,3,4,7,4,22,26
55320,8,323,328,14,470,477,11,718,735,30,1921,1951,20,1434,1456,28,1774,1804,11,1841,1852,28,2167,2200,21,2184,2204,41,3437,3476,34,3687,3724,41,2404,2447,133,12287,12420
55390,0,0,0,0,0,0,4,0,4,6,3,9,0,4,3,3,0,6,0,4,4,5,0,5,4,8,11,0,0,8,0,6,6,0,0,0,0,6,10
55460,0,5,5,6,17,21,7,30,31,4,86,90,5,48,57,7,78,87,8,71,77,11,81,90,3,93,95,6,128,127,0,123,125,3,57,67,8,147,161
55530,0,0,0,0,0,0,0,4,4,0,11,13,0,4,4,0,6,6,3,7,10,0,16,14,0,7,7,0,16,19,5,20,18,0,4,4,0,19,19
55600,0,0,0,5,7,17,0,15,13,9,53,63,3,30,35,7,55,66,9,41,54,13,46,60,4,49,55,12,81,94,3,83,84,3,50,60,5,109,126
55670,0,0,0,0,7,6,0,9,9,3,10,17,0,9,9,0,8,12,0,13,18,0,13,11,4,18,16,3,34,29,0,28,28,0,8,8,5,18,22
55740,0,33,33,0,68,67,0,101,101,9,195,201,5,148,148,0,127,130,0,167,169,7,184,188,0,171,178,3,269,273,0,256,257,0,140,143,15,1287,1299
55810,0,0,0,0,0,0,0,3,3,0,6,6,0,6,9,5,13,14,0,10,7,0,10,12,5,11,11,0,7,7,3,11,11,0,7,7,0,9,13
55880,0,3,3,0,0,0,0,5,5,0,6,6,0,0,4,0,6,6,5,5,9,0,13,13,0,15,19,0,17,17,4,14,14,0,10,11,0,25,29
55950,0,0,0,0,5,5,0,5,5,0,16,17,0,7,7,0,9,10,0,16,16,0,13,15,0,9,6,0,29,29,4,20,26,0,12,12,0,32,34
56090,6,66,67,8,175,179,4,240,247,14,702,713,6,466,473,20,710,733,14,671,682,29,806,834,16,825,841,32,1255,1287,34,1347,1376,34,966,1004,98,3277,3369
56160,0,0,0,0,0,0,3,0,3,0,0,0,0,0,0,0,3,5,0,0,0,0,0,0,0,0,0,0,0,7,0,7,10,0,0,0,0,0,0
56230,0,49,52,6,88,92,3,172,178,16,453,472,9,341,350,20,550,570,16,412,431,12,435,449,16,372,394,15,566,577,16,588,601,14,397,411,65,1019,1083
56300,0,5,7,0,20,20,0,19,19,0,42,44,0,30,30,6,59,66,0,50,54,4,45,48,0,53,54,0,54,61,0,44,44,0,25,29,5,48,48
56370,0,4,4,0,0,0,0,6,8,0,8,8,0,5,8,0,19,19,0,15,15,0,19,23,0,28,28,9,26,31,0,37,36,0,15,15,0,33,33
56460,0,17,13,10,26,32,4,57,61,7,135,147,8,88,93,9,108,117,13,117,132,16,145,167,0,138,136,12,166,180,11,184,192,7,91,95,13,237,243
56580,0,54,54,0,60,60,0,105,106,0,243,243,0,201,201,0,213,213,6,263,265,0,290,290,0,307,315,3,524,530,3,583,591,0,342,337,19,3652,3676
56620,0,0,0,10,0,10,9,0,9,23,0,23,19,0,20,23,0,22,21,3,27,31,0,34,18,4,29,31,15,56,11,19,30,5,4,8,14,16,24
56730,4,25,27,6,61,67,6,109,119,15,326,337,18,201,221,20,301,317,21,255,278,24,286,307,21,272,292,28,390,418,19,387,405,13,227,240,42,496,532
56790,0,4,4,5,14,17,4,35,38,8,113,122,0,55,61,3,111,119,4,100,103,11,75,87,7,82,83,9,99,109,3,98,96,3,61,68,6,115,118
56860,0,0,0,0,0,0,0,4,4,0,3,5,0,5,5,0,9,9,0,13,13,0,8,8,0,6,6,0,3,3,0,3,3,0,5,5,0,7,7
56930,0,0,0,0,3,3,0,3,3,0,9,9,0,18,18,0,9,9,0,7,7,0,13,13,0,20,20,0,30,30,5,38,39,0,15,15,0,292,292
57000,0,0,0,0,3,3,0,0,0,0,10,12,0,3,3,0,3,3,0,3,6,0,13,10,0,9,13,4,18,21,0,16,17,0,6,6,0,28,18
57080,0,91,91,4,191,194,6,288,290,4,410,411,8,420,427,9,399,407,11,544,552,7,798,800,12,818,831,21,1575,1599,21,1718,1740,6,645,655,35,3140,3174
57140,0,5,5,0,3,3,3,14,18,6,39,52,7,25,29,8,41,47,4,31,35,4,30,31,3,34,33,0,33,35,3,27,33,0,10,15,0,40,45
57210,0,12,12,0,31,31,5,50,56,4,190,192,7,118,122,3,173,177,11,151,158,0,146,147,6,137,141,8,177,183,10,165,177,5,115,118,8,222,225
57280,4,7,15,22,15,41,39,26,66,39,24,66,28,33,60,52,38,86,38,54,88,46,99,143,45,124,171,81,378,464,115,542,654,59,279,337,288,1779,2072
57350,0,0,0,0,9,10,4,8,11,0,18,26,0,15,15,6,26,28,5,21,28,0,25,26,0,22,20,4,27,25,0,23,25,0,9,9,0,36,36
57420,0,9,9,0,11,13,0,22,22,3,56,59,0,31,31,3,41,49,0,42,47,4,41,43,0,41,46,7,83,88,0,101,104,3,43,46,10,121,135
57490,3,239,247,23,487,504,33,959,994,52,2441,2496,81,2066,2145,89,2707,2797,93,2700,2793,100,3004,3103,105,3014,3119,167,5237,5406,207,5332,5538,119,3443,3563,321,9069,9398
57630,0,0,0,0,0,0,0,5,5,0,4,4,0,0,0,0,3,3,0,3,3,0,4,4,0,0,0,0,3,3,0,4,4,0,0,0,0,7,7
57700,0,45,45,0,81,81,6,109,112,0,265,268,9,241,250,16,420,436,14,410,423,27,544,570,28,631,655,44,1216,1255,51,1350,1397,39,944,980,87,2274,2367
57770,0,0,0,0,0,8,0,12,12,3,32,38,3,5,12,0,27,27,7,19,27,0,22,23,3,17,25,3,36,35,3,30,35,5,17,22,0,30,31
57840,4,136,139,7,238,247,12,373,382,13,809,821,18,741,767,15,716,725,8,811,823,12,1019,1030,14,1074,1093,20,1778,1806,24,1806,1830,11,974,990,66,5362,5427
57910,18,571,585,36,1290,1330,57,2091,2151,80,5174,5256,58,3719,3773,77,4436,4511,96,4797,4887,94,5853,5950,100,6048,6149,106,9595,9708,117,9615,9733,77,5439,5519,279,22323,22605
57980,0,52,52,0,100,94,0,204,208,0,370,372,0,319,321,3,288,291,0,313,317,5,396,403,9,401,409,4,725,740,15,763,777,4,364,365,20,2605,2623
58050,14,273,284,30,483,515,65,863,931,76,2110,2191,79,1647,1727,107,2469,2574,108,2637,2745,160,3485,3644,129,3755,3888,245,6125,6375,256,6579,6838,154,4383,4539,403,9914,10319
58190,0,4,4,0,4,4,0,0,4,0,14,19,0,13,7,0,10,10,0,8,7,0,7,10,0,10,11,0,12,12,3,7,12,0,7,13,0,8,8
58260,0,0,0,0,0,0,0,8,8,0,13,13,0,9,13,0,9,9,5,10,14,0,16,16,6,10,16,0,15,16,3,23,27,0,8,8,0,31,33
58330,0,13,13,0,24,24,0,36,42,0,148,155,0,75,79,0,136,135,0,137,141,4,127,134,3,118,122,0,161,166,5,160,164,3,88,95,13,222,230
58400,0,5,5,0,0,0,0,10,10,5,16,22,0,4,4,0,9,9,0,18,18,0,15,15,0,4,4,0,12,12,0,7,8,0,3,3,0,5,5
58470,0,0,0,3,0,3,0,0,0,6,0,3,0,0,0,0,0,4,3,0,3,3,0,5,4,0,6,4,0,5,0,3,6,0,0,0,0,5,9
58510,0,94,91,15,204,212,16,400,413,14,790,805,19,719,738,13,673,688,30,768,795,20,912,925,22,976,998,44,1597,1642,35,1758,1793,23,976,994,66,3787,3855
58540,0,0,0,0,3,3,0,10,10,0,9,14,0,4,4,0,19,22,0,16,16,0,20,20,0,19,19,5,31,33,0,23,26,0,20,20,0,59,62
58570,7,73,77,0,159,161,13,327,342,6,599,610,8,496,499,7,580,584,5,614,623,15,843,854,9,878,885,18,1576,1599,22,1739,1770,17,975,986,59,5133,5201
58610,0,8,7,0,14,16,0,16,13,0,67,68,0,40,41,0,60,59,0,45,45,5,54,56,4,36,35,3,73,74,3,57,66,0,40,43,0,73,73
58680,0,0,0,0,3,3,0,3,4,0,5,5,0,3,3,0,11,11,0,16,16,0,9,9,0,8,8,0,17,18,0,20,23,0,7,7,0,35,32
58760,9,306,318,29,628,662,32,1169,1199,78,2899,2973,77,2383,2458,99,3458,3558,109,3705,3809,99,4352,4445,117,4803,4923,192,8048,8246,200,8557,8751,128,6075,6208,318,14870,15195
58820,0,20,20,0,29,29,0,45,52,3,113,119,3,69,71,0,125,123,3,101,109,7,97,104,0,87,91,7,135,142,3,141,147,8,81,90,18,218,239
58890,0,0,0,0,8,8,0,0,0,4,19,19,0,13,8,0,21,22,0,15,15,0,33,34,0,19,19,0,28,31,3,24,28,0,6,6,0,45,45
59030,0,0,0,0,4,4,0,0,0,0,11,9,0,0,5,0,9,9,0,6,6,0,9,9,0,9,9,0,7,7,0,3,6,0,8,8,0,10,10
59100,0,4,4,0,0,0,0,3,3,0,25,25,0,5,5,0,14,14,3,20,24,0,20,20,0,19,19,0,29,29,3,15,17,0,15,19,0,20,20
59170,0,0,0,0,0,0,0,4,4,0,25,25,0,11,11,0,27,29,0,22,22,0,19,18,0,30,35,4,48,48,0,38,39,0,27,27,0,74,71
59250,0,0,0,4,0,7,5,0,5,9,4,8,0,0,5,8,0,6,0,3,9,9,3,6,3,6,9,4,3,6,0,4,6,0,3,3,0,6,6
59310,0,3,3,0,8,15,0,11,11,6,45,46,3,27,29,4,36,44,0,41,42,0,46,49,7,31,36,7,45,52,6,53,56,0,27,28,0,64,70
59320,0,0,0,0,0,0,0,3,3,0,17,18,0,3,3,0,9,9,0,11,10,3,12,17,0,12,12,0,24,24,0,15,15,0,7,7,0,23,23
59330,0,5,5,0,6,5,0,8,7,0,28,22,0,17,19,0,21,26,0,10,11,0,16,16,0,16,16,0,17,14,0,15,22,0,8,8,0,19,19
59340,9,6,16,27,4,37,39,19,56,50,29,76,31,29,63,44,31,77,61,37,98,65,68,132,67,78,140,53,188,244,59,185,244,35,127,160,72,358,433
59350,0,0,0,0,0,0,4,0,4,0,0,6,0,0,0,0,0,0,0,0,0,0,0,0,0,6,5,7,7,10,0,3,3,0,0,0,3,3,0
59360,0,3,3,0,12,12,0,5,11,0,29,30,4,16,19,0,19,18,0,21,23,0,32,31,0,26,28,0,25,25,3,40,42,0,29,29,0,51,51
59370,0,11,13,0,23,25,0,43,49,4,148,154,5,83,88,0,121,119,0,105,108,7,100,102,3,89,87,8,139,143,9,125,134,6,78,80,8,144,149
59499,0,0,0,0,0,0,0,0,0,0,0,0,0,0,0,0,0,0,0,0,0,0,0,0,0,0,0,0,0,0,0,0,0,0,0,0,0,0,0
59799,0,0,0,0,0,0,0,0,0,0,0,0,0,0,0,0,0,0,0,0,0,0,0,0,0,0,0,0,0,0,0,0,0,0,0,0,0,0,0
60210,0,37,37,0,70,77,7,130,136,16,406,419,10,215,225,22,338,360,15,281,289,18,243,254,13,219,235,18,207,221,14,168,184,4,76,83,10,140,149
60410,5,15,20,20,85,104,28,160,191,60,455,520,67,274,345,82,490,569,80,423,508,92,526,618,98,483,585,124,700,820,88,673,759,58,423,483,71,711,786
60610,3,42,45,17,111,134,30,252,281,42,657,706,54,465,523,65,629,697,71,565,639,62,603,665,73,594,659,108,784,892,100,720,823,38,392,433,83,780,861
60810,11,58,67,11,134,151,25,234,261,63,832,902,62,494,552,83,804,892,68,622,694,68,666,740,64,620,684,108,888,994,107,734,845,67,471,539,114,926,1045
61010,0,13,13,0,14,14,3,39,41,8,141,144,3,54,62,13,85,97,8,60,67,4,72,75,11,74,79,5,107,118,7,70,77,4,35,37,4,76,77
61210,0,28,33,10,28,43,19,67,86,44,214,261,24,149,173,51,209,262,39,199,238,43,205,248,57,189,243,83,289,365,93,233,328,53,152,198,56,231,285
61410,9,108,107,16,221,235,41,463,503,61,1433,1493,62,1060,1131,78,1410,1490,88,1495,1579,88,1760,1848,108,1712,1826,147,2695,2836,150,2495,2650,90,1652,1745,177,4270,4444
61510,0,13,18,11,56,66,13,133,150,17,360,376,14,190,202,27,326,349,33,302,334,29,318,350,36,306,340,44,434,475,42,382,426,21,215,235,30,349,387
61610,3,67,71,16,158,173,33,327,361,62,960,1027,55,623,680,88,929,1016,121,808,926,82,788,870,68,779,848,121,1107,1223,102,889,993,59,541,598,83,947,1033
61810,0,18,18,0,49,48,3,99,104,13,304,315,11,173,176,25,258,286,15,226,237,13,214,230,7,233,245,18,268,290,11,190,204,6,125,126,7,210,215
62010,0,7,7,0,11,14,6,8,11,4,32,41,5,26,25,15,36,49,3,21,23,9,22,30,7,26,34,8,27,31,6,30,40,0,20,21,9,35,45
62210,0,27,26,4,60,60,11,124,140,11,308,315,20,201,217,11,259,274,19,247,265,16,229,248,18,175,193,26,283,311,13,230,247,10,118,121,16,204,222
62410,3,29,28,0,36,41,5,56,55,11,194,205,8,147,153,13,221,236,10,187,199,11,176,189,7,145,158,22,195,210,10,149,163,0,91,91,10,133,142
62610,4,88,97,28,287,311,53,541,597,83,1671,1756,97,1064,1161,90,1313,1401,121,1405,1525,123,1562,1685,133,1532,1669,159,2163,2332,146,1967,2113,105,1261,1366,134,2153,2288
62810,3,142,146,5,256,260,18,417,431,24,1019,1038,27,929,960,16,1026,1045,24,1158,1182,25,1406,1430,27,1535,1564,63,2405,2464,65,2351,2414,46,1365,1411,123,5362,5488
63010,3,51,55,10,92,105,26,190,219,58,564,620,32,342,367,68,534,599,57,521,579,75,549,621,74,482,555,102,687,793,97,580,678,66,341,409,95,626,727
63210,5,14,20,3,32,37,5,72,81,15,200,212,9,98,105,13,209,225,18,207,219,15,198,209,23,194,212,25,251,284,15,197,211,9,125,140,25,216,238
63410,0,4,4,0,7,7,0,18,22,0,48,50,0,28,23,0,55,55,3,50,49,7,53,60,0,49,48,9,77,75,0,71,72,0,36,42,0,78,76
63610,0,69,74,8,137,148,22,237,258,39,808,840,32,663,689,42,894,935,50,873,921,48,1129,1174,76,1096,1168,101,1730,1833,104,1558,1663,69,1161,1232,161,2778,2943
63810,6,28,33,4,56,61,9,100,110,23,383,412,21,258,274,27,458,484,25,373,396,35,375,416,43,369,413,58,479,545,50,448,491,16,259,274,48,506,548
64010,5,179,183,42,392,441,57,781,838,106,2028,2130,95,1556,1648,127,2018,2150,135,2079,2211,149,2288,2438,137,2185,2328,189,2926,3107,153,2693,2850,82,1543,1627,144,3464,3608
64210,0,58,58,4,102,109,16,202,219,28,730,758,11,469,480,31,708,742,30,619,644,36,605,636,30,619,646,49,850,907,42,780,827,37,520,560,42,976,1015
64610,0,36,40,0,68,71,9,153,163,8,437,454,16,300,320,20,484,504,21,453,476,22,435,450,21,410,433,29,610,640,29,541,571,12,319,332,19,565,585
64810,0,29,29,3,55,55,4,161,163,19,495,515,11,305,318,31,461,493,21,452,474,33,495,532,46,543,588,53,746,795,58,684,745,32,452,487,54,700,757
65010,0,13,13,0,26,26,7,54,57,11,225,242,5,92,98,12,185,202,15,188,199,14,181,193,20,174,197,34,239,276,24,216,234,23,178,196,36,261,289
65210,0,12,15,0,26,25,5,63,61,5,129,134,5,86,94,9,123,136,11,90,98,10,85,95,7,77,80,13,101,112,3,57,59,0,39,39,11,49,58
65410,0,30,31,11,99,109,12,201,211,48,586,631,43,335,375,61,497,559,48,394,445,53,404,454,44,396,442,81,518,603,62,458,516,35,307,338,70,513,589
65610,3,10,13,4,44,46,5,102,104,17,229,246,10,116,124,20,140,163,20,120,136,11,125,132,16,101,120,20,154,174,19,133,153,14,62,75,29,141,162
65810,0,54,53,0,98,103,9,234,244,12,743,752,17,465,480,16,772,791,32,736,767,27,720,748,27,769,805,29,1078,1106,43,999,1048,27,632,664,64,1361,1417
69499,0,0,0,0,0,0,0,0,0,0,0,0,0,0,0,0,0,0,0,0,0,0,0,0,0,0,0,0,0,0,0,0,0,0,0,0,0,0,0
69799,0,0,0,0,0,0,0,0,0,0,0,0,0,0,0,0,0,0,0,0,0,0,0,0,0,0,0,0,0,0,0,0,0,0,0,0,0,0,0
70200,19,23,45,60,43,106,74,66,145,104,188,287,77,156,234,98,186,284,129,251,376,151,375,527,124,463,595,173,810,989,162,968,1127,111,626,736,300,2168,2457
70420,11,3,11,42,7,47,32,8,43,57,23,77,34,13,50,61,30,88,89,23,109,78,42,128,80,49,129,96,103,201,52,118,173,37,51,88,62,143,209
70540,0,0,0,4,0,4,3,0,3,6,0,6,3,0,3,6,0,6,4,0,4,0,0,0,3,0,3,4,0,4,0,0,0,0,0,0,0,0,0
70620,8,0,8,40,0,39,10,4,18,58,5,62,32,3,34,59,5,64,61,5,67,41,15,54,45,21,65,56,45,102,29,45,72,7,17,26,7,32,29
70700,0,0,3,6,3,14,9,13,18,8,37,53,0,9,14,9,29,43,6,24,36,7,16,25,9,27,32,8,33,41,11,26,40,6,11,16,6,26,30
71000,17,82,103,63,192,252,129,402,531,146,731,878,126,564,697,158,782,940,180,979,1159,150,1335,1485,191,1562,1749,276,2971,3240,297,3544,3840,216,2060,2277,661,7486,8144
71150,0,0,0,0,0,0,0,0,0,0,6,6,0,5,5,0,4,4,0,0,0,0,12,12,0,9,9,0,25,27,0,39,41,0,10,10,0,38,40
71300,33,3,34,50,0,52,32,3,37,72,0,75,47,6,50,89,5,96,97,6,97,108,15,122,101,26,123,178,41,221,97,58,153,51,17,72,75,58,131
72200,3,9,8,19,7,32,31,27,54,61,54,118,32,40,72,39,61,101,60,64,125,56,104,160,59,123,179,68,216,285,64,302,363,58,187,250,117,608,722
72300,0,33,28,11,43,56,8,67,79,14,161,177,7,124,138,18,175,201,30,233,263,34,288,322,37,305,345,60,516,581,64,553,625,60,420,477,245,1775,2028
72330,10,0,9,44,4,44,28,6,34,77,0,85,57,3,58,83,8,87,93,3,97,74,21,99,72,30,101,88,47,138,43,55,92,28,11,42,18,38,64
72800,9,23,32,34,58,89,87,162,256,109,249,361,63,210,269,75,270,348,83,341,426,135,565,701,119,613,731,193,1252,1443,237,1495,1729,172,1016,1189,465,2790,3253
73600,6,5,15,45,6,50,21,12,27,58,17,75,40,16,53,84,12,97,74,14,92,90,14,110,91,30,125,123,46,165,61,60,123,46,29,76,35,68,98
74050,59,0,59,60,6,61,18,0,18,70,0,70,31,0,31,49,0,49,44,4,50,40,4,46,40,10,40,27,13,40,14,19,34,4,10,15,11,20,31
74550,4,4,9,18,3,18,19,7,23,29,20,49,17,7,21,32,14,47,43,12,59,30,15,44,32,13,43,33,21,55,29,34,58,16,13,36,19,37,60
74560,0,4,4,0,3,5,3,4,7,0,11,13,0,10,7,0,12,17,0,5,7,0,12,14,0,11,9,0,16,17,0,13,12,0,9,3,3,23,26
74660,9,0,9,23,0,28,8,0,12,29,4,34,28,0,33,69,9,75,66,15,83,97,20,121,87,29,113,118,63,183,79,70,149,29,30,59,38,95,132
74680,30,0,30,50,4,50,20,0,20,47,0,45,24,0,24,29,0,27,27,0,27,31,0,31,11,7,17,29,7,38,16,17,28,7,7,14,13,23,38
79399,0,14,14,3,9,11,5,19,25,3,65,68,10,30,38,31,62,93,28,89,108,30,134,162,17,110,127,27,192,224,31,213,243,22,128,148,71,518,581
79499,0,0,0,0,0,0,0,0,0,0,0,0,0,0,0,0,0,0,0,0,0,0,0,0,0,0,0,0,0,0,0,0,0,0,0,0,0,0,0
79799,0,0,0,0,0,0,0,0,0,0,0,0,0,0,0,0,0,0,0,0,0,0,0,0,0,0,0,0,0,0,0,0,0,0,0,0,0,0,0
89399,28,589,612,76,1123,1198,80,2111,2195,172,4848,5022,129,3692,3818,164,5028,5190,157,5894,6055,221,7928,8147,280,9758,10036,507,18992,19494,536,21720,22261,410,12686,13098,1535,59732,61264
89499,0,0,0,0,0,0,0,0,0,0,0,0,0,0,0,0,0,0,0,0,0,0,0,0,0,0,0,0,0,0,0,0,0,0,0,0,0,0,0
89799,0,0,0,0,0,0,0,0,0,0,0,0,0,0,0,0,0,0,0,0,0,0,0,0,0,0,0,0,0,0,0,0,0,0,0,0,0,0,0
99399,0,9,10,0,17,12,4,28,34,4,79,81,0,57,57,0,74,73,8,83,92,7,79,83,3,79,81,5,124,125,3,81,86,0,52,52,4,88,87
99499,0,0,0,0,0,0,0,0,0,0,0,0,0,0,0,0,0,0,0,0,0,0,0,0,0,0,0,0,0,0,0,0,0,0,0,0,0,0,0
99799,0,0,0,0,0,0,0,0,0,0,0,0,0,0,0,0,0,0,0,0,0,0,0,0,0,0,0,0,0,0,0,0,0,0,0,0,0,0,0